a,m,error
2.299466173257459,2.5004351935258997,0.00026175749999270885
2.2989367541193038,2.5008663802830045,0.00025720641671248093
2.298428069089823,2.501293596351575,0.0002528167930736214
2.2979236816233586,2.501716948299426,0.00024850324293026636
2.297423557739051,2.5021364711134706,0.00024426446981586623
2.2969276636867275,2.5025521994598647,0.00024009919887394449
2.2964359659459244,2.502964167687077,0.0002360061765077408
2.2959484312249097,2.5033724098289256,0.00023198417003537613
2.295465026459699,2.5037769596075803,0.00022803196735045602
2.2949857188130673,2.504177850436535,0.00022414837658801503
2.294510475673554,2.5045751154235454,0.00022033222579572338
2.294039264654466,2.5049687873735405,0.0002165823626102726
2.2935720535928747,2.505358898791497,0.00021289765393887558
2.2931088105486106,2.505745481885288,0.0002092769856457765
2.2926495038032524,2.5061285685684984,0.00020571926224371748
2.2921941018591125,2.5065081904632147,0.00020222340659025145
2.2917425734382206,2.5068843789027806,0.00019878835958888128
2.2912948874813006,2.507257164934526,0.00019541307989489213
2.2908510131467468,2.507626579322469,0.00019209654362583692
2.2904109198095965,2.5079926525499867,0.00018883774407660103
2.2899745770604976,2.5083554148224616,0.00018563569143897077
2.2895419547046765,2.508714896069897,0.0001824894125256283
2.2891130227609007,2.5090711259495078,0.00017939795049851635
2.288687751460439,2.509424133848284,0.00017636036460151353
2.288266111246021,2.5097739488855275,0.00017337572989731823
2.2878480727707915,2.5101205999153624,0.00017044313700852667
2.2874336068972663,2.5104641155292216,0.00016756169186279505
2.2870226846962827,2.510804524058305,0.00016473051544204848
2.2866152774459496,2.5111418535760155,0.0001619487435356666
2.2862113566305955,2.5114761319003676,0.00015921552649758973
2.285810893939715,2.5118073865963737,0.00015653002900727924
2.2854138612669135,2.5121356449784056,0.00015389142983446736
2.2850202307088514,2.512460934112531,0.00015129892160766043
2.284629974564187,2.5127832808188275,0.00014875171058631315
2.284243065332515,2.5131027116736746,0.00014624901643662202
2.28385947571331,2.5134192530120187,0.00014379007201090823
2.283479178604864,2.5137329309296197,0.00014137412313048502
2.2831021471032256,2.514043771285272,0.00013900042837201483
2.2827283545011374,2.514351799703007,0.00013666825885724665
2.2823577742869747,2.5146570415742677,0.00013437689804612462
2.2819903801436814,2.5149595220600682,0.00013212564153319422
2.2816261459477083,2.5152592660931283,0.0001299137968472514
2.281265045767948,2.5155562983799857,0.00012774068325420839
2.2809070538646736,2.5158506434030916,0.00012560563156309464
2.2805521446884742,2.516142325422881,0.0001235079839351786
2.280200292879192,2.5164313684798247,0.00012144709369613145
2.2798514732648596,2.5167177963964633,0.00011942232515119797
2.2795056608606385,2.517001632779417,0.00011743305340334312
2.2791628308677567,2.5172829010213773,0.00011547866417430378
2.2788229586724467,2.5175616243030814,0.00011355855362851143
2.2784860198448866,2.5178378255952643,0.0001116721281998491
2.2781519901381393,2.518111527660593,0.00010981880442117978
2.2778208454870943,2.5183827530555827,0.00010799800875663273
2.27749256200741,2.5186515241324927,0.00010620917743656243
2.2771671159944566,2.5189178630412052,0.00010445175629518886
2.2768444839222606,2.5191817917310853,0.00010272520061083539
2.2765246424424515,2.5194433319528233,0.00010102897494874638
2.2762075683832084,2.519702505260259,9.936255300644402e-05
2.275893238748209,2.5199593330121886,9.772541746157094e-05
2.2755816307155796,2.520213836374153,9.61170598221906e-05
2.275272721636847,2.5204660363202116,9.453698027952074e-05
2.2749664890358923,2.5207159536346957,9.298468756302106e-05
2.2746629106079066,2.5209636089139473,9.145969879785337e-05
2.274361964218348,2.5212090225680415,8.996153936462397e-05
2.274063627901901,2.52145221482249,8.848974276141029e-05
2.2737678798614374,2.521693205719931,8.704385046802494e-05
2.2734746984669805,2.521932015121801,8.562341181247414e-05
2.27318406225467,2.5221686627099933,8.422798383958504e-05
2.272895949925731,2.5224031679884953,8.285713118177422e-05
2.272610340345444,2.5226355502850177,8.151042593189633e-05
2.272327212542116,2.5228658287526025,8.018744751817926e-05
2.272046545706058,2.523094022371217,7.88877825811866e-05
2.2717683191885607,2.5233201499493334,7.761102485278309e-05
2.2714925125008762,2.5235442301254953,7.635677503706412e-05
2.271219105313201,2.523766281369865,7.512464069324528e-05
2.2709480774536606,2.5239863219857592,7.391423612043425e-05
2.2706794089072986,2.5242043701111703,7.272518224430924e-05
2.270413079815069,2.5244204437202717,7.155710650563467e-05
2.270149070472828,2.5246345606249103,7.040964275059683e-05
2.269887361330335,2.5248467384760844,6.928243112293925e-05
2.2696279329902502,2.525056994765407,6.817511795786277e-05
2.269370766207138,2.5252653468265582,6.708735567765274e-05
2.269115841886475,2.525471811836719,6.601880268902911e-05
2.268863141083658,2.5256764068179973,6.496912328216996e-05
2.2686126450030195,2.5258791486388357,6.393798753139675e-05
2.2683643349968405,2.5260800540154102,6.292507119747936e-05
2.268118192564373,2.526279139513012,6.193005563156631e-05
2.267874199350862,2.5264764215474194,6.095262768066923e-05
2.267632337146571,2.526671916386255,5.999247959471828e-05
2.267392587885813,2.5268656401503327,5.9049308935137864e-05
2.267154933645984,2.527057608814988,5.812281848493433e-05
2.266919356646599,2.5272478382113994,5.721271616025979e-05
2.2666858392483333,2.5274363440278975,5.6318714923438035e-05
2.2664543639520662,2.5276231418112594,5.544053269741643e-05
2.266224913397929,2.5278082469679934,5.457789228163841e-05
2.2659974703643564,2.527991674765611,5.373052126930555e-05
2.2657720177671425,2.5281734403338865,5.2898151965999586e-05
2.265548538658499,2.5283535586661054,5.208052130965637e-05
2.2653270162261183,2.528532044620303,5.127737079186049e-05
2.2651074337922408,2.5287089129204867,5.048844638044322e-05
2.2648897748127244,2.528884178157854,4.9713498443364575e-05
2.2646740228761204,2.529057854791992,4.895228167385297e-05
2.2644601617027513,2.529229957152072,4.820455501679359e-05
2.2642481751437926,2.529400499438028,4.747008159632768e-05
2.2640380471803603,2.5295694957217276,4.674862864466446e-05
2.263829761922601,2.5297369599481314,4.603996743206866e-05
2.2636233036087856,2.529902905936441,4.5343873198015694e-05
2.263418656604409,2.5300673473812374,4.466012508348741e-05
2.2632158054012925,2.530230297853608,4.398850606440129e-05
2.2630147346166893,2.5303917708022636,4.3328802886142115e-05
2.262815428992397,2.5305517795546457,4.268080599918896e-05
2.262617873393872,2.530710337318022,4.204430949581088e-05
2.262422052809349,2.530867457180574,4.141911104782453e-05
2.262227952348963,2.5310231521124735,4.0805011845381534e-05
2.2620355572438795,2.5311774349669482,4.0201816536789054e-05
2.2618448528454236,2.5313303184813405,3.960933316932864e-05
2.2616558246242184,2.5314818152781524,3.902737313106378e-05
2.2614684581693236,2.5316319378660856,3.84557510936263e-05
2.2612827391873815,2.5317806986410676,3.789428495595874e-05
2.2610986535017643,2.5319281098872715,3.734279578899213e-05
2.260916187051729,2.532074183778125,3.680110778126186e-05
2.260735325891574,2.5322189323773108,3.626904818542433e-05
2.260556056189801,2.5323623676397577,3.574644726568168e-05
2.260378364228281,2.5325045014126224,3.5233138246079264e-05
2.2602022364014256,2.5326453454362627,3.472895725967355e-05
2.2600276592153605,2.5327849113452015,3.4233743298559986e-05
2.2598546192871063,2.532923210669082,3.374733816473557e-05
2.2596831033437614,2.5330602548336145,3.326958642178553e-05
2.2595130982216896,2.5331960551615147,3.280033534738831e-05
2.259344590865712,2.5333306228734327,3.233943488661998e-05
2.2591775683283055,2.5334639690888743,3.188673760603959e-05
2.2590120177688022,2.5335961048271134,3.144209864855534e-05
2.258847926452596,2.5337270410080963,3.100537568904651e-05
2.2586852817503513,2.533856788453338,3.057642889073733e-05
2.258524071137219,2.53398535788681,3.0155120862305612e-05
2.2583642821920544,2.53411275993582,2.9741316615716282e-05
2.2582059025966386,2.5342390051318837,2.9334883524765764e-05
2.2580489201349088,2.534364103911589,2.8935691284331925e-05
2.2578933226921887,2.5344880666174525,2.8543611870307758e-05
2.257739098254425,2.5346109034987663,2.815851950021288e-05
2.2575862349074285,2.5347326247124404,2.7780290594479247e-05
2.2574347208361183,2.5348532403238337,2.7408803738386324e-05
2.257284544323773,2.5349727603075816,2.704393964463881e-05
2.257135693751283,2.5350911945484125,2.668558111658682e-05
2.256988157596409,2.5352085528419583,2.6333613012063254e-05
2.256841924433046,2.535324844895558,2.59879222078385e-05
2.2566969829304897,2.5354400803290535,2.564839756467736e-05
2.2565533218527065,2.535554268675578,2.531492989298964e-05
2.2564109300576125,2.535667419382338,2.498741191906537e-05
2.2562697964963507,2.5357795418113867,2.466573825187974e-05
2.2561299102125774,2.535890645240393,2.434980535047024e-05
2.255991260341751,2.5360007388634007,2.403951149186177e-05
2.2558538361104246,2.5361098317915824,2.373475673954459e-05
2.2557176268355446,2.5362179330539867,2.3435442912482266e-05
2.2555826219237516,2.536325051598277,2.3141473554651202e-05
2.2554488108706883,2.536431196291466,2.2852753905101864e-05
2.255316183260309,2.536536375920642,2.256919086852746e-05
2.2551847287641946,2.5366405991936896,2.2290692986330546e-05
2.2550544371408736,2.5367438747400017,2.2017170408195604e-05
2.254925298235143,2.5368462111111882,2.1748534864135352e-05
2.2547973019773986,2.536947616781776,2.1484699637022307e-05
2.2546704383829663,2.5370481001499035,2.1225579535582464e-05
2.254544697551439,2.5371476695380086,2.0971090867859566e-05
2.2544200696660157,2.537246333193511,2.0721151415127758e-05
2.254296544992849,2.5373440992894887,2.047568040624781e-05
2.2541741138803926,2.537440975925345,2.0234598492472527e-05
2.2540527667587553,2.5375369711274756,1.999782772267317e-05
2.2539324941390593,2.5376320928499227,1.9765291518999483e-05
2.2538132866128002,2.53772634897503,1.953691465294471e-05
2.253695134851216,2.537819747314086,1.931262322183666e-05
2.2535780296046544,2.5379122956079656,1.9092344625719112e-05
2.253461961701949,2.538004001527763,1.887600754463594e-05
2.2533469220497975,2.5380948726754218,1.8663541916306467e-05
2.253232901632144,2.5381849165843553,1.8454878914179626e-05
2.2531198915095674,2.538274140720066,1.8249950925868506e-05
2.2530078828186695,2.5383625524807565,1.804869153195593e-05
2.252896866771473,2.5384501591979354,1.7851035485162523e-05
2.252786834654819,2.538536968137018,1.7656918689872512e-05
2.2526777778297706,2.5386229864979213,1.7466278182016124e-05
2.25256968773102,2.538708221415655,1.727905210929412e-05
2.2524625558663,2.538792679960904,1.709517971174452e-05
2.2523563738158003,2.5388763691406093,1.6914601302645043e-05
2.2522511332315847,2.5389592958985423,1.6737258249742143e-05
2.252146825837016,2.539041467115872,1.656309295680574e-05
2.252043443426183,2.5391228896117295,1.6392048845502128e-05
2.251940977863332,2.539203570143768,1.6224070337580127e-05
2.251839421082302,2.539283515408714,1.6059102837359677e-05
2.251738765085963,2.5393627320429184,1.5897092714531873e-05
2.25163900194566,2.5394412266228983,1.573798728724734e-05
2.2515401238006603,2.539519005665877,1.558173480550196e-05
2.251442122857603,2.539596075630317,1.5428284434808045e-05
2.251344991389955,2.5396724429164506,1.527758624014752e-05
2.251248721737469,2.5397481138668025,1.5129591170204593e-05
2.2511533063056453,2.53982309476671,1.4984251041869483e-05
2.2510587375652,2.53989739184484,1.4841518525008169e-05
2.250965008051533,2.5399710112736953,1.4701347127502116e-05
2.250872110364203,2.5400439591701245,1.4563691180542131e-05
2.2507800371664035,2.5401162415958205,1.4428505824175675e-05
2.2506887811844463,2.540187864557818,1.4295746993111672e-05
2.250598335207245,2.5402588340089864,1.4165371402763218e-05
2.2505086920858046,2.540329155848516,1.403733653553796e-05
2.2504198447327126,2.5403988359224035,1.3911600627363842e-05
2.2503317861216368,2.5404678800239284,1.3788122654449842e-05
2.2502445092868237,2.5405362938941307,1.3666862320273853e-05
2.250158007322603,2.540604083222279,1.3547780042801904e-05
2.250072273382893,2.540671253646338,1.3430836941922769e-05
2.2499873006807136,2.5407378107534293,1.3315994827107515e-05
2.2499030824876987,2.540803760080291,1.320321618527565e-05
2.2498196121336136,2.54086910711373,1.3092464168881943e-05
2.2497368830058777,2.5409338572910722,1.2983702584201383e-05
2.249654888549089,2.540998016000608,1.2876895879823097e-05
2.2495736222645517,2.5410615885820347,1.2772009135342794e-05
2.249493077709809,2.5411245803268927,1.2669008050252885e-05
2.2494132484981773,2.541186996479,1.256785893302604e-05
2.2493341282982855,2.5412488422348822,1.2468528690385885e-05
2.249255710833618,2.541310122744198,1.2370984816770485e-05
2.2491779898820585,2.541370843110162,1.2275195383971674e-05
2.2491009592754407,2.5414310083899614,1.218112903096537e-05
2.2490246128991,2.541490623595173,1.2088754953906106e-05
2.2489489446914286,2.5415496936921707,1.199804289630998e-05
2.248873948643436,2.5416082236025366,1.19089631393953e-05
2.2487996187983095,2.5416662182034613,1.1821486492603993e-05
2.2487259492509817,2.541723682328145,1.1735584284280784e-05
2.248652934147699,2.541780620766193,1.1651228352515956e-05
2.248580567685593,2.5418370382640094,1.1568391036151323e-05
2.2485088441122563,2.5418929395251864,1.1487045165940105e-05
2.248437757725322,2.541948329210888,1.1407164055863662e-05
2.248367302872045,2.542003211940234,1.1328721494597139e-05
2.2482974739488863,2.5420575922906785,1.1251691737127522e-05
2.248228265401104,2.542111474798384,1.1176049496516179e-05
2.248159671722341,2.5421648639585945,1.1101769935806264e-05
2.248091687454223,2.5422177642260047,1.1028828660069974e-05
2.248024307185953,2.542270180015123,1.0957201708599019e-05
2.247957525553915,2.5423221157006357,1.0886865547227558e-05
2.247891337241276,2.5423735756177646,1.0817797060790994e-05
2.2478257369775934,2.542424564062623,1.0749973545718962e-05
2.247760719538425,2.5424750852925673,1.0683372702753231e-05
2.2476962797449414,2.5425251435265475,1.0617972629799509e-05
2.2476324124635436,2.542574742945452,1.055375181489835e-05
2.2475691126054804,2.542623887692451,1.0490689129323643e-05
2.2475063751264703,2.542672581873336,1.0428763820800828e-05
2.247444195026327,2.5427208295568566,1.0367955506842125e-05
2.2473825673485863,2.5427686347750553,1.030824416820144e-05
2.247321487180139,2.542816001523596,1.0249610142443344e-05
2.2472609496508613,2.542862933762094,1.019203411762443e-05
2.247200949933254,2.542909435414439,1.013549712608525e-05
2.24714148324208,2.542955510369119,1.0079980538351543e-05
2.247082544834007,2.5430011624795372,1.0025466057143288e-05
2.2470241300072527,2.5430463955643297,9.971935711488456e-06
2.246966234101232,2.543091213407677,9.919371850940847e-06
2.246908852496209,2.5431356197596164,9.867757139896991e-06
2.246851980612948,2.543179618336349,9.817074552016281e-06
2.246795613912371,2.543223212820544,9.767307364737931e-06
2.246739747895216,2.5432664068616413,9.718439153893948e-06
2.2466843781016985,2.543309204076151,9.670453788415296e-06
2.2466295001111765,2.5433516080479497,9.623335425136277e-06
2.2465751095418156,2.543393622328576,9.577068503683759e-06
2.2465212020502596,2.543435250437519,9.531637741462523e-06
2.2464677733313025,2.5434764958625102,9.487028128723762e-06
2.2464148191175637,2.543517362059809,9.44322492372366e-06
2.2463623351791635,2.543557852454484,9.40021364796641e-06
2.2463103173234056,2.543597970440698,9.357980081528996e-06
2.246258761394457,2.543637719381983,9.316510258473185e-06
2.246207663273035,2.543677102611517,9.275790462333305e-06
2.2461570188760933,2.5437161234324,9.235807221684548e-06
2.2461068241565134,2.543754785117923,9.196547305793129e-06
2.246057075102796,2.5437930909118354,9.157997720338294e-06
2.2460077677387567,2.5438310440286145,9.120145703213396e-06
2.245958898123223,2.5438686476537273,9.082978720398056e-06
2.245910462349734,2.5439059049438923,9.046484461905052e-06
2.2458624565462446,2.5439428190273383,9.010650837799748e-06
2.2458148768748276,2.5439793930040624,8.975465974284027e-06
2.2457677195313828,2.5440156299460828,8.940918209860184e-06
2.2457209807453453,2.5440515328976923,8.906996091550227e-06
2.2456746567793986,2.5440871048757074,8.873688371190302e-06
2.2456287439291875,2.5441223488697173,8.840984001787152e-06
2.245583238523036,2.5441572678423277,8.808872133939382e-06
2.245538136921665,2.5441918647294046,8.777342112324471e-06
2.245493435517914,2.544226142440316,8.74638347224145e-06
2.2454491307364646,2.5442601038581705,8.715985936223673e-06
2.245405219033566,2.5442937518400526,8.686139410702559e-06
2.2453616968967625,2.54432708921726,8.656833982737495e-06
2.245318560844625,2.544360118795533,8.628059916797866e-06
2.245275807426482,2.5443928433552885,8.599807651606618e-06
2.2452334332221544,2.5444252656518445,8.572067797036435e-06
2.245191434841693,2.544457388415649,8.544831131063574e-06
2.2451498089251167,2.5444892143525033,8.518088596770227e-06
2.2451085521421534,2.5445207461437844,8.491831299409742e-06
2.245067661191984,2.5445519864466655,8.466050503511166e-06
2.2450271328029867,2.5445829378943334,8.44073763004714e-06
2.2449869637324853,2.5446136030962054,8.415884253642818e-06
2.244947150766498,2.5446439846381437,8.391482099839973e-06
2.24490769071949,2.5446740850826672,8.36752304240569e-06
2.2448685804341255,2.5447039069691626,8.34399910069223e-06
2.2448298167810243,2.544733452814093,8.32090243704045e-06
2.2447913966585196,2.5447627251112035,8.29822535423127e-06
2.244753316992417,2.544791726331728,8.275960292981553e-06
2.244715574735757,2.5448204589245904,8.254099829485056e-06
2.2446781668685785,2.544848925316607,8.232636672994909e-06
2.2446410903976832,2.5448771279126845,8.211563663452135e-06
2.244604342356405,2.5449050690960195,8.190873769153674e-06
2.244567919804378,2.5449327512282927,8.170560084463149e-06
2.244531819827309,2.5449601766498633,8.15061582756048e-06
2.2444960395367497,2.5449873476799616,8.131034338234176e-06
2.244460576069873,2.54501426661688,8.111809075709914e-06
2.2444254265892494,2.5450409357381596,8.092933616521286e-06
2.2443905882826263,2.545067357300781,8.074401652412086e-06
2.2443560583627082,2.5450935335413463,8.056206988283835e-06
2.2443218340669406,2.5451194666762653,8.038343540173647e-06
2.2442879126572928,2.545145158901936,8.020805333269028e-06
2.2442542914200456,2.545170612394925,8.003586499962931e-06
2.244220967665578,2.545195829312149,7.986681277934043e-06
2.244187938728159,2.545220811791048,7.970084008270152e-06
2.2441552019657363,2.5452455619497654,7.953789133620103e-06
2.2441227547597324,2.5452700818873177,7.93779119637941e-06
2.2440905945148386,2.5452943736837703,7.922084836909102e-06
2.244058718658811,2.5453184394004067,7.906664791784071e-06
2.2440271246422703,2.5453422810798987,7.891525892075522e-06
2.2439958099385016,2.5453659007464737,7.876663061661128e-06
2.2439647720432556,2.545389300406082,7.862071315566991e-06
2.2439340084745534,2.5454124820465602,7.847745758338715e-06
2.2439035167724906,2.5454354476377965,7.833681582441416e-06
2.243873294499045,2.5454581991318914,7.819874066686796e-06
2.243843339237884,2.5454807384633176,7.806318574690856e-06
2.2438136485941764,2.54550306754908,7.793010553357023e-06
2.243784220194403,2.5455251882888743,7.779945531388042e-06
2.2437550516861693,2.5455471025652403,7.767119117819763e-06
2.2437261407380222,2.545568812243719,7.75452700058903e-06
2.2436974850392652,2.545590319173005,7.742164945118753e-06
2.243669082299777,2.5456116251850998,7.73002879293412e-06
2.2436409302498297,2.5456327320954597,7.718114460299545e-06
2.2436130266399124,2.545653641703148,7.706417936882754e-06
2.2435853692405514,2.545674355790981,7.694935284442036e-06
2.243557955842136,2.545694876125676,7.683662635532525e-06
2.243530784254743,2.545715204457995,7.672596192244386e-06
2.2435038523079656,2.545735342522889,7.661732224954379e-06
2.2434771578507386,2.545755292039642,7.651067071105829e-06
2.2434506987511726,2.5457750547120113,7.640597134007418e-06
2.2434244728963826,2.5457946322283678,7.630318881652918e-06
2.2433984781923213,2.545814026261834,7.620228845565916e-06
2.243372712563615,2.545833238470424,7.610323619659111e-06
2.2433471739533983,2.5458522704971758,7.6005998591195275e-06
2.243321860323151,2.5458711239702914,7.591054279309824e-06
2.2432967696525363,2.545889800503266,7.581683654691634e-06
2.2432718999392427,2.5459083016950244,7.5724848177658595e-06
2.2432472491988236,2.54592662913005,7.563454658033961e-06
2.2432228154645406,2.545944784378516,7.5545901209772535e-06
2.2431985967872077,2.545962768996415,7.545888207051713e-06
2.243174591235036,2.545980584525686,7.5373459707065715e-06
2.2431507968934805,2.545998232494343,7.528960519414024e-06
2.2431272118650893,2.5460157144165976,7.520729012719533e-06
2.2431038342693514,2.5460330317929865,7.5126486613089e-06
2.2430806622425483,2.5460501861104934,7.504716726093721e-06
2.2430576939376055,2.546067178842672,7.496930517306695e-06
2.2430349275239454,2.546084011449767,7.489287393622231e-06
2.2430123611873425,2.5461006853788337,7.481784761283984e-06
2.242989993129778,2.5461172020638574,7.474420073255414e-06
2.2429678215692985,2.546133562925872,7.467190828379619e-06
2.242945844739872,2.5461497693730752,7.4600945705583475e-06
2.242924060891249,2.5461658228009467,7.453128887942783e-06
2.2429024682888214,2.546181724592361,7.446291412140369e-06
2.2428810652134863,2.5461974761177024,7.439579817436101e-06
2.242859849961508,2.5462130787349766,7.4329918200256e-06
2.2428388208443812,2.546228533789924,7.426525177264358e-06
2.242817976188699,2.5462438426161285,7.420177686928991e-06
2.2427973143360154,2.546259006535128,7.413947186493666e-06
2.242776833642717,2.546274026856525,7.4078315524138075e-06
2.2427565324798904,2.546288904878091,7.4018286994307925e-06
2.2427364092331903,2.546303641885875,7.395936579883006e-06
2.242716462302713,2.546318239154311,7.390153183030584e-06
2.242696690102868,2.546332697946319,7.38447653439447e-06
2.2426770910622507,2.546347019513412,7.3789046951040245e-06
2.2426576636235165,2.5463612050957987,7.3734357612592895e-06
2.242638406243257,2.546375255922483,7.3680678633005025e-06
2.2426193173918776,2.546389173211369,7.362799165394892e-06
2.2426003955534726,2.5464029581693577,7.357627864829886e-06
2.2425816392257056,2.5464166119924485,7.352552191416559e-06
2.242563046919689,2.5464301358658368,7.3475704069084905e-06
2.2425446171598646,2.546443530964012,7.342680804426459e-06
2.2425263484838855,2.546456798450853,7.337881707895455e-06
2.2425082394424987,2.5464699394797257,7.333171471490927e-06
2.2424902885994293,2.5464829551935764,7.328548479096859e-06
2.242472494531266,2.5464958467250267,7.324011143769171e-06
2.242454855827345,2.5465086151964664,7.319557907216338e-06
2.2424373710896393,2.5465212617201463,7.315187239279351e-06
2.2424200389326443,2.5465337873982685,7.310897637430311e-06
2.242402857983269,2.546546193323079,7.306687626272677e-06
2.2423858268807235,2.546558480576956,7.302555757056838e-06
2.242368944276411,2.5465706502325,7.2985006071985274e-06
2.24235220883382,2.546582703352621,7.294520779811513e-06
2.242335619228415,2.546594640990627,7.29061490324119e-06
2.242319174147532,2.546606464190311,7.286781630615969e-06
2.2423028722902734,2.5466181739860345,7.2830196393993525e-06
2.242286712367401,2.5466297714028165,7.279327630950571e-06
2.2422706931012346,2.5466412574564146,7.275704330099397e-06
2.2422548132255478,2.5466526331534096,7.2721484847201215e-06
2.2422390714854674,2.5466638994912896,7.268658865318991e-06
2.2422234666373724,2.5466750574585295,7.265234264627633e-06
2.242207997448792,2.546686108034675,7.261873497201995e-06
2.2421926626983093,2.546697052190422,7.258575399030969e-06
2.2421774611754604,2.5467078908876966,7.255338827148906e-06
2.2421623916806386,2.546718625079733,7.252162659260656e-06
2.242147453024997,2.546729255711156,7.2490457933649475e-06
2.2421326440303537,2.546739783718053,7.245987147394806e-06
2.2421179635290955,2.5467502100280575,7.242985658853197e-06
2.2421034103640842,2.546760535560419,7.240040284465374e-06
2.242088983388564,2.5467707612260835,7.237149999829746e-06
2.2420746814660695,2.546780887927766,7.234313799080942e-06
2.2420605034703316,2.5467909165600258,7.231530694554709e-06
2.2420464482851896,2.5468008480093403,7.228799716459571e-06
2.242032514804499,2.546810683154177,7.226119912556965e-06
2.242018701932044,2.546820422865067,7.223490347844799e-06
2.242005008581447,2.5468300680046756,7.220910104244312e-06
2.2419914336760827,2.546839619427874,7.218378280300843e-06
2.241977976148991,2.54684907798181,7.215893990879462e-06
2.2419646349427897,2.5468584445059763,7.213456366873672e-06
2.24195140900959,2.5468677198322816,7.211064554915642e-06
2.2419382973109117,2.546876904785117,7.208717717094212e-06
2.2419252988175993,2.5468860001814266,7.206415030674813e-06
2.2419124125097385,2.5468950068307716,7.204155687827004e-06
2.2418996373765743,2.546903925535399,7.2019388953555e-06
2.241886972416429,2.546912757090307,7.199763874437589e-06
2.241874416636622,2.546921502283311,7.1976298603630856e-06
2.2418619690533865,2.546930161895108,7.195536102280071e-06
2.2418496286917953,2.546938736699341,7.193481862945864e-06
2.241837394585677,2.546947227462662,7.1914664184819275e-06
2.2418252657775395,2.5469556349447964,7.189489058131466e-06
2.2418132413184937,2.5469639598986054,7.187549084025226e-06
2.2418013202681752,2.5469722030701467,7.185645810946923e-06
2.241789501694669,2.546980365198737,7.183778566107452e-06
2.241777784674434,2.5469884470170134,7.181946688918243e-06
2.2417661682922265,2.546996449250992,7.180149530773632e-06
2.241754651641029,2.5470043726201297,7.17838645483424e-06
2.2417432338219747,2.5470122178373815,7.176656835813645e-06
2.2417319139442755,2.547019985609261,7.174960059771182e-06
2.241720691125149,2.5470276766358975,7.173295523907211e-06
2.241709564489748,2.5470352916110937,7.171662636361973e-06
2.241698533171089,2.5470428312223827,7.170060816018157e-06
2.241687596309982,2.5470502961510864,7.168489492307595e-06
2.241676753054961,2.5470576870723685,7.166948105021065e-06
2.241666002562215,2.547065004655293,7.165436104119846e-06
2.241655343995518,2.5470722495628775,7.163952949554774e-06
2.2416447765261647,2.547079422452149,7.162498111083485e-06
2.2416342993328993,2.547086523974196,7.161071068095589e-06
2.2416239116018515,2.547093554774226,7.159671309437391e-06
2.2416136125264696,2.547100515491614,7.158298333241619e-06
2.241603401307455,2.5471074067599586,7.156951646760193e-06
2.2415932771526967,2.5471142292071325,7.155630766199175e-06
2.241583239277209,2.547120983455334,7.154335216557238e-06
2.241573286903066,2.5471276701211405,7.153064531467561e-06
2.2415634192593377,2.5471342898155562,7.1518182530406075e-06
2.24155363558203,2.547140843144065,7.150595931711978e-06
2.24154393511402,2.5471473307066788,7.1493971260931e-06
2.241534317104997,2.5471537530979873,7.148221402820217e-06
2.241524780811399,2.5471601109072073,7.1470683364142974e-06
2.241515325496354,2.547166404718231,7.145937509133416e-06
2.241505950429619,2.5471726351096744,7.144828510837502e-06
2.241496654887522,2.547178802654924,7.143740938848922e-06
2.2414874381529026,2.5471849079221855,7.142674397816117e-06
2.241478299515052,2.54719095147453,7.141628499585633e-06
2.2414692382696586,2.5471969338699387,7.140602863066827e-06
2.241460253718747,2.5472028556613524,7.1395971141089036e-06
2.2414513451706237,2.547208717396714,7.138610885372029e-06
2.241442511939821,2.5472145196190144,7.137643816206505e-06
2.2414337533470388,2.547220262866338,7.136695552530271e-06
2.241425068719092,2.5472259476719064,7.135765746711626e-06
2.2414164573888553,2.547231574564123,7.134854057450785e-06
2.2414079186952063,2.547237144066615,7.133960149668226e-06
2.241399451982975,2.547242656698278,7.13308369438853e-06
2.2413910566028887,2.547248112973319,7.1322243686337835e-06
2.2413827319115196,2.5472535134012966,7.1313818553117504e-06
2.241374477271232,2.547258858487165,7.1305558431123835e-06
2.241366292050131,2.5472641487313163,7.129746026400623e-06
2.2413581756220102,2.5472693846296184,7.128952105115978e-06
2.2413501273663026,2.5472745666734595,7.128173784670499e-06
2.241342146668027,2.5472796953497863,7.127410775849062e-06
2.241334232917741,2.5472847711411446,7.126662794714516e-06
2.241326385511488,2.5472897945257196,7.12592956251004e-06
2.241318603850752,2.5472947659773753,7.125210805565331e-06
2.2413108873424057,2.5472996859656925,7.1245062552065385e-06
2.241303235398663,2.5473045549560087,7.123815647663884e-06
2.2412956474370316,2.5473093734094556,7.123138723984025e-06
2.241288122880265,2.547314141782998,7.122475229942313e-06
2.2412806611563156,2.54731886052947,7.121824915956735e-06
2.241273261698288,2.5473235300976143,7.1211875370058e-06
2.241265923944393,2.547328150932117,7.120562852542875e-06
2.2412586473379013,2.5473327234736454,7.119950626418518e-06
2.2412514313270986,2.547337248158885,7.11935062679795e-06
2.2412442753652404,2.5473417254205746,7.118762626085173e-06
2.241237178910507,2.5473461556875416,7.118186400844387e-06
2.2412301414259606,2.5473505393847375,7.1176217317255655e-06
2.241223162379499,2.547354876933274,7.1170684033910165e-06
2.241216241243815,2.5473591687504564,7.116526204440684e-06
2.2412093774963515,2.547363415249819,7.115994927343159e-06
2.2412025706192598,2.5473676168411576,7.115474368363623e-06
2.2411958200993567,2.5473717739305655,7.114964327496896e-06
2.241189125428083,2.5473758869204652,7.114464608397474e-06
2.2411824861014615,2.5473799562096424,7.1139750183156636e-06
2.241175901620057,2.547383982193278,7.113495368031366e-06
2.2411693714889336,2.547387965262983,7.113025471788512e-06
2.241162895217616,2.5473919058068266,7.112565147235094e-06
2.2411564723200494,2.5473958042093723,7.11211421535932e-06
2.241150102314558,2.5473996608517075,7.111672500430343e-06
2.2411437847238074,2.547403476111475,7.111239829937767e-06
2.241137519074765,2.5474072503629057,7.110816034533735e-06
2.241131304898662,2.5474109839768464,7.1104009479751415e-06
2.241125141730954,2.5474146773207935,7.109994407067789e-06
2.2411190291112835,2.547418330758921,7.109596251611091e-06
2.2411129665834424,2.5474219446521125,7.109206324343391e-06
2.241106953695335,2.5474255193579887,7.108824470888269e-06
2.24110098999894,2.5474290552309387,7.108450539703012e-06
2.2410950750502754,2.5474325526221486,7.108084382027646e-06
2.241089208409361,2.5474360118796304,7.107725851831853e-06
2.241083389640183,2.5474394333482504,7.107374805768322e-06
2.2410776183106575,2.5474428173697583,7.107031103122879e-06
2.2410718939925967,2.547446164282815,7.106694605765488e-06
2.241066216261672,2.5474494744230194,7.106365178105436e-06
2.2410605846973812,2.5474527481229385,7.106042687043912e-06
2.2410549988830133,2.5474559857121326,7.105727001929545e-06
2.2410494584056133,2.547459187517184,7.1054179945117075e-06
2.2410439628559504,2.5474623538617225,7.105115538900752e-06
2.2410385118284832,2.5474654850664535,7.104819511521454e-06
2.2410331049213275,2.5474685814491833,7.10452979107331e-06
2.2410277417362217,2.5474716433248457,7.104246258487415e-06
2.2410224218784958,2.547474671005528,7.103968796887277e-06
2.241017144957039,2.5474776648004966,7.103697291548751e-06
2.2410119105842674,2.547480625016223,7.103431629859627e-06
2.241006718376091,2.5474835519564083,7.103171701283436e-06
2.241001567951885,2.5474864459220083,7.102917397319794e-06
2.2409964589344558,2.5474893072112597,7.102668611467626e-06
2.2409913909500125,2.5474921361197023,7.10242523918996e-06
2.240986363628135,2.547494932940205,7.102187177876383e-06
2.2409813766017432,2.54749769796299,7.101954326810294e-06
2.2409764295070684,2.5475004314756555,7.1017265871323516e-06
2.240971521983622,2.5475031337632013,7.101503861807404e-06
2.240966653674168,2.54750580510805,7.101286055590842e-06
2.2409618242246907,2.5475084457900725,7.101073074998084e-06
2.240957033284369,2.5475110560866088,7.100864828270243e-06
2.2409522805055455,2.5475136362724933,7.1006612253417235e-06
2.2409475655436992,2.5475161866200753,7.1004621778134485e-06
2.240942888057416,2.5475187073992434,7.100267598918622e-06
2.240938247708362,2.5475211988774458,7.100077403495069e-06
2.2409336441612555,2.547523661319713,7.099891507954884e-06
2.2409290770838384,2.5475260949886818,7.099709830256776e-06
2.2409245461468505,2.5475285001446126,7.099532289877031e-06
2.2409200510240024,2.547530877045415,7.099358807781559e-06
2.240915591391947,2.5475332259466668,7.099189306400646e-06
2.2409111669302555,2.547535547101636,7.09902370960024e-06
2.2409067773213893,2.5475378407613007,7.098861942655135e-06
2.2409024222506746,2.547540107174371,7.09870393222719e-06
2.2408981014062768,2.547542346587308,7.0985496063355865e-06
2.240893814479174,2.547544559244347,7.098398894334573e-06
2.240889561163134,2.5475467453875136,7.098251726887881e-06
2.240885341154686,2.5475489052566465,7.098108035946079e-06
2.240881154153098,2.547551039089416,7.097967754722038e-06
2.240876999860352,2.547553147121345,7.097830817667966e-06
2.2408728779811176,2.5475552295858273,7.097697160453498e-06
2.2408687882227305,2.5475572867141465,7.097566719942511e-06
2.2408647302951668,2.547559318735496,7.097439434171984e-06
2.2408607039110193,2.547561325876997,7.097315242330695e-06
2.2408567087854747,2.547563308363718,7.097194084737856e-06
2.24085274463629,2.547565266418693,7.097075902822077e-06
2.240848811183768,2.5475672002629404,7.096960639101252e-06
2.240844908150737,2.5475691101154805,7.096848237163461e-06
2.240841035262526,2.5475709961933535,7.096738641647275e-06
2.2408371922469423,2.547572858711638,7.09663179822058e-06
2.2408333788342505,2.5475746978834684,7.096527653563911e-06
2.2408295947571486,2.5475765139200526,7.096426155352581e-06
2.2408258397507477,2.547578307030689,7.096327252234906e-06
2.240822113552549,2.5475800774227846,7.096230893818465e-06
2.2408184159024227,2.547581825301871,7.09613703065013e-06
2.2408147465425876,2.5475835508716225,7.096045614198813e-06
2.2408111052175883,2.5475852543338715,7.095956596840928e-06
2.2408074916742753,2.547586935888627,7.095869931840277e-06
2.2408039056617843,2.5475885957340894,7.09578557333505e-06
2.2408003469315148,2.547590234066668,7.095703476319391e-06
2.24079681523711,2.5475918510809956,7.095623596629137e-06
2.2407933103344373,2.547593446969947,7.095545890926054e-06
2.2407898319815676,2.5475950219246517,7.095470316683004e-06
2.240786379938755,2.5475965761345134,7.095396832167655e-06
2.2407829539684188,2.547598109787223,7.0953253964298945e-06
2.2407795538351216,2.5475996230687747,7.095255969285923e-06
2.240776179305552,2.547601116163481,7.0951885113049655e-06
2.240772830148505,2.547602589253988,7.095122983795568e-06
2.240769506134862,2.547604042521293,7.0950593487917416e-06
2.2407662070375722,2.547605476144754,7.094997569039438e-06
2.2407629326316365,2.5476068903021103,7.094937607983601e-06
2.240759682694085,2.5476082851694932,7.094879429756161e-06
2.2407564570039615,2.547609660921442,7.094822999162137e-06
2.2407532553423044,2.547611017730918,7.094768281667723e-06
2.2407500774921285,2.5476123557693193,7.09471524338844e-06
2.240746923238408,2.5476136752064953,7.094663851077412e-06
2.240743792368059,2.5476149762107587,7.0946140721128655e-06
2.2407406846699196,2.5476162589489015,7.094565874487095e-06
2.240737599934736,2.547617523586208,7.094519226795424e-06
2.240734537955143,2.547618770286468,7.094474098223667e-06
2.2407314985256472,2.5476199992119906,7.094430458540188e-06
2.2407284814426114,2.547621210523618,7.094388278082719e-06
2.2407254865042363,2.5476224043807383,7.094347527747663e-06
2.2407225135105446,2.547623580941299,7.094308178982152e-06
2.240719562263365,2.5476247403618193,7.094270203771436e-06
2.2407166325663157,2.547625882797404,7.094233574629819e-06
2.240713724224787,2.5476270084017556,7.094198264592899e-06
2.240710837045928,2.547628117327187,7.094164247203796e-06
2.2407079708386277,2.5476292097246342,7.094131496508187e-06
2.2407051254135015,2.547630285743669,7.094099987042032e-06
2.240702300582875,2.5476313455325106,7.094069693822929e-06
2.2406994961607674,2.547632389238039,7.094040592343876e-06
2.2406967119628782,2.5476334170058057,7.094012658559974e-06
2.2406939478065713,2.5476344289800474,7.093985868884366e-06
2.2406912035108593,2.547635425303696,7.093960200177284e-06
2.2406884788963897,2.5476364061183916,7.093935629737564e-06
2.2406857737854287,2.5476373715644938,7.093912135296482e-06
2.2406830880018482,2.5476383217810934,7.09388969500761e-06
2.2406804213711107,2.547639256906024,7.093868287440427e-06
2.2406777737202543,2.5476401770758734,7.093847891572638e-06
2.2406751448778794,2.5476410824259936,7.093828486781641e-06
2.2406725346741347,2.547641973090514,7.093810052837226e-06
2.240669942940702,2.547642849202351,7.093792569896588e-06
2.2406673695107835,2.5476437108932197,7.093776018493475e-06
2.240664814219088,2.5476445582936447,7.093760379533644e-06
2.2406622769018165,2.5476453915329698,7.093745634288236e-06
2.2406597573966502,2.5476462107393703,7.093731764385448e-06
2.2406572555427355,2.5476470160398623,7.093718751805109e-06
2.240654771180672,2.547647807560314,7.093706578871264e-06
2.240652304152498,2.547648585425456,7.09369522824689e-06
2.24064985430168,2.5476493497588897,7.093684682926547e-06
2.240647421473097,2.5476501006831014,7.093674926230601e-06
2.2406450055130294,2.547650838319469,7.093665941800476e-06
2.2406426062691462,2.5476515627882725,7.093657713589553e-06
2.240640223590492,2.5476522742087058,7.093650225860839e-06
2.240637857327475,2.5476529726988844,7.0936434631796395e-06
2.240635507331854,2.5476536583758564,7.093637410407037e-06
2.2406331734567275,2.5476543313556115,7.093632052696244e-06
2.2406308555565206,2.547654991753091,7.093627375486656e-06
2.240628553486973,2.5476556396821968,7.093623364496297e-06
2.2406262671051285,2.5476562752558016,7.093620005721158e-06
2.24062399626932,2.5476568985857577,7.0936172854254274e-06
2.2406217408391624,2.5476575097829057,7.093615190139133e-06
2.240619500675537,2.5476581089570844,7.09361370665268e-06
2.2406172756405827,2.5476586962171397,7.093612822012354e-06
2.240615065597683,2.547659271670933,7.0936125235134425e-06
2.240612870411456,2.5476598354253515,7.0936127986991946e-06
2.2406106899477423,2.5476603875863155,7.0936136353531346e-06
2.2406085240735947,2.5476609282587876,7.093615021495633e-06
2.240606372657267,2.5476614575467824,7.093616945380103e-06
2.2406042355682025,2.547661975553373,7.093619395486929e-06
2.2406021126770246,2.547662482380701,7.0936223605226294e-06
2.240600003855525,2.5476629781299853,7.09362582941103e-06
2.2405979089766532,2.547663462901529,7.09362979129294e-06
2.2405958279145075,2.547663936794729,7.093634235520907e-06
2.2405937605443227,2.547664399908083,7.093639151653464e-06
2.2405917067424608,2.547664852339198,7.093644529454773e-06
2.2405896663864007,2.5476652941848,7.093650358887996e-06
2.2405876393547284,2.547665725540739,7.093656630113088e-06
2.240585625527127,2.547666146501999,7.093663333481805e-06
2.2405836247843656,2.5476665571627057,7.093670459534759e-06
2.240581637008291,2.5476669576161335,7.09367799899915e-06
2.2405796620818177,2.547667347954713,7.093685942782846e-06
2.2405776998889175,2.547667728270041,7.0936942819722645e-06
2.2405757503146106,2.5476680986528835,7.093703007830264e-06
2.240573813244956,2.547668459193188,7.093712111790247e-06
2.2405718885670423,2.5476688099800886,7.093721585454596e-06
2.2405699761689775,2.5476691511019127,7.0937314205913234e-06
2.240568075939881,2.54766948264619,7.093741609131129e-06
2.240566187769874,2.5476698046996584,7.093752143163133e-06
2.2405643115500706,2.5476701173482716,7.093763014933651e-06
2.240562447172568,2.5476704206772065,7.093774216842403e-06
2.240560594530439,2.5476707147708697,7.09378574143891e-06
2.240558753517722,2.547670999712905,7.093797581420485e-06
2.2405569240294128,2.5476712755862,7.093809729630332e-06
2.240555105961456,2.547671542472892,7.093822179052386e-06
2.2405532992107364,2.5476718004543772,7.093834922811227e-06
2.2405515036750705,2.547672049611315,7.093847954167967e-06
2.2405497192531976,2.5476722900236357,7.093861266517514e-06
2.2405479458447726,2.547672521770547,7.093874853386607e-06
2.2405461833503564,2.547672744930541,7.093888708432252e-06
2.240544431671409,2.5476729595813996,7.0939028254373175e-06
2.2405426907102806,2.547673165800201,7.093917198308733e-06
2.240540960370203,2.547673363663328,7.093931821076599e-06
2.2405392405552833,2.5476735532464714,7.093946687890169e-06
2.2405375311704945,2.5476737346246385,7.093961793016448e-06
2.240535832121668,2.5476739078721584,7.093977130836496e-06
2.240534143315487,2.547674073062688,7.093992695846221e-06
2.2405324646594766,2.5476742302692186,7.094008482651952e-06
2.240530796061999,2.547674379564081,7.094024485968218e-06
2.2405291374322434,2.547674521018952,7.094040700616756e-06
2.2405274886802196,2.547674654704862,7.094057121524373e-06
2.240525849716751,2.5476747806921973,7.0940737437194415e-06
2.2405242204534663,2.5476748990507088,7.09409056233271e-06
2.240522600802793,2.5476750098495162,7.094107572592929e-06
2.2405209906779504,2.5476751131571147,7.094124769826146e-06
2.240519389992941,2.5476752090413806,7.094142149452575e-06
2.2405177986625446,2.5476752975695756,7.094159706987532e-06
2.240516216602312,2.5476753788083544,7.094177438036372e-06
2.240514643728556,2.5476754528237677,7.094195338295067e-06
2.2405130799583457,2.5476755196812704,7.09421340354778e-06
2.2405115252095005,2.547675579445725,7.0942316296644135e-06
2.240509979400582,2.547675632181408,7.094250012599981e-06
2.240508442450887,2.5476756779520136,7.0942685483932425e-06
2.2405069142804432,2.5476757168206614,7.094287233163675e-06
2.240505394809999,2.5476757488499,7.0943060631112e-06
2.2405038839610207,2.547675774101712,7.09432503451411e-06
2.240502381655683,2.5476757926375204,7.094344143727739e-06
2.2405008878168644,2.547675804518192,7.0943633871824836e-06
2.240499402368141,2.547675809804044,7.094382761383139e-06
2.240497925233778,2.5476758085548483,7.094402262907844e-06
2.2404964563387266,2.5476758008298357,7.094421888404339e-06
2.240494995608615,2.547675786687702,7.094441634591797e-06
2.2404935429697446,2.5476757661866123,7.094461498257171e-06
2.2404920983490815,2.5476757393842058,7.094481476254311e-06
2.240490661674253,2.5476757063376008,7.094501565503973e-06
2.24048923287354,2.5476756671033987,7.094521762990177e-06
2.2404878118758718,2.5476756217376892,7.094542065761293e-06
2.2404863986108188,2.547675570296055,7.0945624709283534e-06
2.2404849930085895,2.547675512833577,7.094582975661571e-06
2.2404835950000224,2.5476754494048364,7.094603577193043e-06
2.240482204516581,2.547675380063923,7.094624272811883e-06
2.2404808214903484,2.547675304864436,7.094645059865126e-06
2.240479445854021,2.5476752238594904,7.094665935757106e-06
2.240478077540904,2.5476751371017214,7.094686897945761e-06
2.240476716484905,2.5476750446432876,7.094707943945282e-06
2.240475362620529,2.547674946535877,7.094729071320987e-06
2.240474015882874,2.5476748428307094,7.0947502776915314e-06
2.240472676207623,2.5476747335785417,7.0947715607266336e-06
2.24047134353104,2.547674618829672,7.094792918145694e-06
2.2404700177899666,2.547674498633944,7.0948143477176934e-06
2.2404686989218145,2.5476743730407505,7.0948358472596964e-06
2.2404673868645615,2.547674242099037,7.094857414635479e-06
2.2404660815567445,2.5476741058573076,7.09487904775587e-06
2.2404647829374578,2.547673964363627,7.094900744576951e-06
2.2404634909463446,2.5476738176656255,7.094922503098929e-06
2.2404622055235945,2.5476736658105037,7.094944321366543e-06
2.240460926609938,2.547673508845034,7.094966197465865e-06
2.2404596541466395,2.547673346815567,7.094988129527018e-06
2.2404583880754965,2.547673179768034,7.095010115718983e-06
2.240457128338831,2.5476730077479504,7.095032154252769e-06
2.2404558748794865,2.5476728308004204,7.09505424337871e-06
2.2404546276408244,2.547672648970141,7.095076381384591e-06
2.2404533865667164,2.5476724623014047,7.095098566598233e-06
2.2404521516015423,2.5476722708381025,7.09512079738221e-06
2.240450922690184,2.5476720746237302,7.095143072138483e-06
2.240449699778022,2.5476718737013897,7.095165389302431e-06
2.2404484828109315,2.547671668113793,7.095187747345865e-06
2.240447271735275,2.5476714579032658,7.095210144774835e-06
2.2404460664979005,2.5476712431117514,7.095232580128628e-06
2.240444867046137,2.5476710237808144,7.095255051979349e-06
2.2404436733277895,2.5476707999516424,7.095277558932717e-06
2.240442485291134,2.5476705716650514,7.095300099624747e-06
2.2404413028849146,2.5476703389614883,7.095322672723765e-06
2.2404401260583384,2.547670101881034,7.09534527692765e-06
2.2404389547610717,2.547669860463407,7.095367910965044e-06
2.240437788943236,2.5476696147479676,7.0953905735933824e-06
2.240436628555403,2.547669364773719,7.0954132635984154e-06
2.240435473548592,2.5476691105793123,7.095435979794698e-06
2.2404343238742648,2.5476688522030493,7.0954587210241605e-06
2.240433179484321,2.547668589682885,7.095481486155857e-06
2.2404320403310964,2.5476683230564316,7.0955042740852294e-06
2.2404309063673566,2.547668052360961,7.0955270837331775e-06
2.2404297775462947,2.5476677776334085,7.0955499140470515e-06
2.2404286538215263,2.547667498910375,7.0955727639980884e-06
2.240427535147087,2.5476672162281306,7.095595632582227e-06
2.2404264214774274,2.5476669296226175,7.095618518819897e-06
2.24042531276741,2.547666639129453,7.095641421754452e-06
2.240424208972305,2.547666344783932,7.095664340451915e-06
2.2404231100477876,2.5476660466210315,7.095687274001451e-06
2.240422015949933,2.5476657446754105,7.095710221513869e-06
2.2404209266352137,2.5476654389814155,7.095733182121522e-06
2.2404198420604957,2.5476651295730828,7.095756154978354e-06
2.2404187621830345,2.54766481648414,7.095779139258247e-06
2.2404176869604724,2.5476644997480107,7.095802134156481e-06
2.2404166163508346,2.5476641793978154,7.095825138886934e-06
2.2404155503125254,2.547663855466376,7.095848152684309e-06
2.2404144888043254,2.5476635279862174,7.095871174801302e-06
2.2404134317853877,2.54766319698957,7.095894204509789e-06
2.240412379215235,2.547662862508373,7.095917241099661e-06
2.240411331053755,2.547662524574277,7.0959402838792065e-06
2.2404102872611986,2.547662183218647,7.09596333217345e-06
2.2404092477981763,2.5476618384725622,7.095986385325903e-06
2.240408212625654,2.5476614903668233,7.09600944269574e-06
2.2404071817049505,2.547661138931951,7.096032503659168e-06
2.2404061549977348,2.547660784198191,7.096055567607528e-06
2.2404051324660217,2.5476604261955145,7.096078633950355e-06
2.24040411407217,2.547660064953623,7.096101702110108e-06
2.240403099778879,2.547659700501948,7.096124771526e-06
2.240402089549184,2.5476593328696557,7.096147841651475e-06
2.2404010833464554,2.5476589620856487,7.096170911954195e-06
2.2404000811343945,2.5476585881785683,7.09619398191722e-06
2.2403990828770306,2.547658211176796,7.0962170510362005e-06
2.2403980885387185,2.5476578311084572,7.0962401188210205e-06
2.240397098084135,2.5476574480014236,7.096263184795413e-06
2.240396111478276,2.547657061883314,7.096286248494973e-06
2.2403951286864543,2.547656672781498,7.096309309468986e-06
2.240394149674296,2.547656280723097,7.096332367279974e-06
2.2403931744077377,2.5476558857349882,7.096355421500341e-06
2.240392202853024,2.547655487843805,7.09637847171718e-06
2.2403912349767054,2.5476550870759405,7.096401517527271e-06
2.240390270745634,2.547654683457549,7.09642455854039e-06
2.240389310126962,2.5476542770145474,7.096447594376804e-06
2.2403883530881377,2.54765386777262,7.096470624667407e-06
2.2403873995969046,2.5476534557572172,7.0964936490549495e-06
2.2403864496212975,2.547653040993561,7.0965166671920225e-06
2.24038550312964,2.5476526235066435,7.096539678741755e-06
2.2403845600905425,2.547652203321232,7.096562683376606e-06
2.240383620472899,2.54765178046187,7.09658568078011e-06
2.240382684245884,2.547651354952878,7.0966086706448964e-06
2.2403817513789512,2.547650926818357,7.096631652672772e-06
2.240380821841831,2.547650496082191,7.096654626575532e-06
2.240379895604527,2.5476500627680467,7.0966775920732855e-06
2.2403789726373136,2.547649626899378,7.0967005488954545e-06
2.240378052910734,2.5476491884994257,7.096723496779647e-06
2.240377136395599,2.547648747591221,7.096746435472489e-06
2.240376223062981,2.547648304197587,7.0967693647281246e-06
2.2403753128842157,2.54764785834114,7.096792284310019e-06
2.240374405830897,2.547647410044292,7.096815193988235e-06
2.2403735018748763,2.5476469593292523,7.096838093541388e-06
2.240372600988259,2.5476465062180296,7.09686098275526e-06
2.2403717031434027,2.547646050732433,7.096883861423497e-06
2.2403708083129152,2.5476455928940758,7.096906729346989e-06
2.240369916469652,2.547645132724374,7.0969295863323945e-06
2.2403690275867136,2.547644670244551,7.096952432194785e-06
2.2403681416374437,2.5476442054756383,7.096975266755549e-06
2.240367258595427,2.547643738438477,7.0969980898427895e-06
