b,error,step
1.2025014683601691,8.881702191312611e-05,1.4683601692322412e-06
1.202502929083503,8.881700062769283e-05,1.460723333845948e-06
1.2025043822091137,8.881697956308382e-05,1.4531256107286339e-06
1.202505827777361,8.881695871699488e-05,1.4455682473268894e-06
1.2025072658269103,8.881693808716822e-05,1.4380495492183343e-06
1.2025086963970095,8.88169176713572e-05,1.4305700992700565e-06
1.2025101195269612,8.881689746733536e-05,1.4231299516609397e-06
1.2025115352552813,8.88168774729075e-05,1.4157283201310378e-06
1.202512943620649,8.881685768589604e-05,1.4083653676610908e-06
1.2025143446613094,8.881683810414939e-05,1.4010406603759407e-06
1.2025157384152367,8.881681872553923e-05,1.3937539273811694e-06
1.2025171249204323,8.881679954795636e-05,1.3865051955441743e-06
1.202518504214938,8.881678056930982e-05,1.3792945057211625e-06
1.2025198763357252,8.881676178754269e-05,1.3721207872130492e-06
1.202521241320592,8.881674320060555e-05,1.3649848666918984e-06
1.2025225992067397,8.881672480647544e-05,1.3578861477459014e-06
1.2025239500308418,8.881670660315484e-05,1.350824102130943e-06
1.2025252938297069,8.881668858866308e-05,1.3437988650721877e-06
1.2025266306400215,8.881667076103878e-05,1.3368103146671473e-06
1.2025279604982828,8.881665311834051e-05,1.3298582612897292e-06
1.202529283440215,8.881663565865551e-05,1.3229419322247082e-06
1.2025305995019766,8.881661838008242e-05,1.3160617615692871e-06
1.2025319087196713,8.881660128073771e-05,1.309217694700493e-06
1.2025332111286304,8.881658435876523e-05,1.3024089591251453e-06
1.2025345067645787,8.881656761232015e-05,1.295635948306284e-06
1.20253579566259,8.881655103958366e-05,1.2888980112091275e-06
1.2025370778580362,8.881653463874862e-05,1.2821954462616247e-06
1.2025383533853273,8.881651840803742e-05,1.275527291122458e-06
1.2025396222794833,8.88165023456807e-05,1.2688941559702016e-06
1.202540884574846,8.881648644993338e-05,1.2622953626806321e-06
1.2025421403057575,8.881647071906674e-05,1.2557309114757942e-06
1.2025433895067226,8.881645515136511e-05,1.2492009651143832e-06
1.2025446322112432,8.881643974514183e-05,1.2427045206209186e-06
1.2025458684536479,8.881642449871444e-05,1.2362424046674647e-06
1.2025470982672757,8.881640941042802e-05,1.2298136278232619e-06
1.202548321685398,8.88163944786443e-05,1.2234181223647056e-06
1.2025495387414764,8.881637970173691e-05,1.2170560783619777e-06
1.2025507494689582,8.881636507809457e-05,1.210727481826268e-06
1.2025519539002747,8.88163506061328e-05,1.20443131645942e-06
1.2025531520684263,8.881633628427483e-05,1.1981681515838005e-06
1.2025543440058983,8.881632211096453e-05,1.1919374720559262e-06
1.2025555297448511,8.881630808466374e-05,1.1857389528024953e-06
1.2025567093181224,8.881629420383996e-05,1.1795732712815976e-06
1.20255788275794,8.881628046698174e-05,1.1734398175367033e-06
1.2025590500956103,8.88162668726026e-05,1.1673376703047467e-06
1.2025602113631306,8.881625341922129e-05,1.1612675203664935e-06
1.2025613665921193,8.881624010537422e-05,1.1552289886918032e-06
1.2025625158140045,8.88162269296138e-05,1.149221885210494e-06
1.20256365905993,8.881621389050841e-05,1.143245925483427e-06
1.202564796361324,8.881620098663625e-05,1.1373013939497412e-06
1.2025659277489371,8.881618821659614e-05,1.1313876131513467e-06
1.202567053253534,8.881617557899989e-05,1.1255045968550093e-06
1.2025681729056616,8.881616307247371e-05,1.1196521276790605e-06
1.202569286735976,8.881615069565517e-05,1.113830314425357e-06
1.2025703947743875,8.881613844720308e-05,1.1080384114681152e-06
1.2025714970511183,8.881612632578463e-05,1.1022767307800052e-06
1.2025725935966072,8.881611433007618e-05,1.0965454888545167e-06
1.20257368444006,8.881610245878081e-05,1.0908434529000033e-06
1.2025747696114686,8.881609071060401e-05,1.085171408510277e-06
1.202575849140662,8.881607908426453e-05,1.0795291933707318e-06
1.2025769230564798,8.881606757850446e-05,1.0739158178285635e-06
1.2025779913885752,8.881605619206727e-05,1.0683320954552045e-06
1.2025790541655574,8.881604492372019e-05,1.0627769821969224e-06
1.202580111416673,8.881603377223425e-05,1.057251115543778e-06
1.2025811631705583,8.881602273639805e-05,1.051753885317197e-06
1.2025822094554703,8.881601181501554e-05,1.0462849120429496e-06
1.2025832503001948,8.881600100689583e-05,1.04084472440924e-06
1.2025842857332323,8.881599031086167e-05,1.0354330375328402e-06
1.2025853157823794,8.88159797257539e-05,1.0300491470882633e-06
1.2025863404757846,8.881596925042017e-05,1.0246934052382528e-06
1.2025873598412848,8.881595888372204e-05,1.0193655002321833e-06
1.2025883739066898,8.88159486245317e-05,1.014065404980613e-06
1.2025893826998229,8.881593847173081e-05,1.008793133028263e-06
1.2025903862476537,8.88159284242205e-05,1.0035478308356716e-06
1.2025913845775853,8.88159184809075e-05,9.983299316118632e-07
1.2025923777170076,8.881590864070805e-05,9.931394222562062e-07
1.2025933656926322,8.881589890255543e-05,9.87975624644477e-07
1.2025943485314696,8.881588926538977e-05,9.828388374266694e-07
1.2025953262603537,8.881587972816194e-05,9.777288840773224e-07
1.2025962989057934,8.881587028983611e-05,9.72645439745179e-07
1.2025972664941482,8.881586094938707e-05,9.675883547721753e-07
1.2025982290517507,8.881585170579913e-05,9.62557602512959e-07
1.2025991866046217,8.881584255806892e-05,9.5755287099486e-07
1.2026001391791075,8.881583350519952e-05,9.525744857352691e-07
1.2026010868009172,8.881582454620788e-05,9.47621809688215e-07
1.2026020294959494,8.881581568011928e-05,9.426950322577454e-07
1.202602967289995,8.881580690596824e-05,9.377940455301825e-07
1.202603900208207,8.881579822280449e-05,9.329182120154655e-07
1.2026048282758748,8.881578962968508e-05,9.280676678269373e-07
1.202605751518721,8.881578112567058e-05,9.23242846173622e-07
1.202606669961384,8.881577270984143e-05,9.184426630337583e-07
1.2026075836290173,8.88157643812811e-05,9.136676333287852e-07
1.202608492546422,8.881575613908487e-05,9.089174046739146e-07
1.2026093967384264,8.88157479823554e-05,9.041920043806329e-07
1.2026102962294658,8.88157399102073e-05,8.994910394299893e-07
1.2026111910438533,8.881573192176532e-05,8.948143874754066e-07
1.2026120812064849,8.881572401615517e-05,8.901626316060174e-07
1.202612966740969,8.881571619252308e-05,8.855344841851576e-07
1.202613847671565,8.881570845001738e-05,8.809305960255642e-07
1.2026147240223148,8.881570078779542e-05,8.763507497455691e-07
1.2026155958173148,8.881569320502196e-05,8.717949999681451e-07
1.2026164630797398,8.881568570087754e-05,8.672624249861371e-07
1.2026173258333068,8.881567827454532e-05,8.627535670324704e-07
1.2026181841015025,8.881567092521812e-05,8.58268195624845e-07
1.2026190379078807,8.881566365209508e-05,8.538063782648209e-07
1.2026198872755895,8.88156564543861e-05,8.493677088328155e-07
1.2026207322275597,8.88156493313105e-05,8.449519701692054e-07
1.2026215727868579,8.881564228209322e-05,8.405592981652887e-07
1.2026224089762114,8.88156353059689e-05,8.361893535369092e-07
1.2026232408184157,8.881562840217945e-05,8.318422042297158e-07
1.202624068336049,8.881562156997432e-05,8.275176333061296e-07
1.2026248915516495,8.881561480861092e-05,8.232156005760771e-07
1.202625710487606,8.881560811735427e-05,8.189359563814946e-07
1.2026265251660901,8.881560149547777e-05,8.146784842288923e-07
1.202627335609491,8.881559494225995e-05,8.104434008338046e-07
1.2026281418395466,8.881558845699118e-05,8.062300556055391e-07
1.202628943878429,8.88155820389641e-05,8.020388824192537e-07
1.2026297417476324,8.881557568748412e-05,7.978692033727697e-07
1.2026305354689493,8.881556940186033e-05,7.93721316894036e-07
1.2026313250642264,8.881556318140697e-05,7.895952771619363e-07
1.2026321105547955,8.881555702544919e-05,7.854905690329872e-07
1.2026328919616087,8.881555093332172e-05,7.814068132550034e-07
1.2026336693062687,8.881554490435925e-05,7.773446599745881e-07
1.2026344426098632,8.881553893790687e-05,7.733035944923472e-07
1.2026352118935884,8.881553303331517e-05,7.692837251660478e-07
1.2026359771781931,8.881552718994332e-05,7.652846047978556e-07
1.2026367384843453,8.88155214071579e-05,7.613061521194453e-07
1.202637495833024,8.881551568432782e-05,7.573486786593975e-07
1.2026382492446392,8.881551002083308e-05,7.534116153173898e-07
1.2026389987398045,8.881550441605674e-05,7.494951652642357e-07
1.2026397443387131,8.881549886939134e-05,7.455989086135872e-07
1.2026404860615583,8.881549338023482e-05,7.417228451433999e-07
1.2026412239288045,8.88154879479883e-05,7.378672461921809e-07
1.2026419579604686,8.881548257206187e-05,7.340316641180067e-07
1.202642688176134,8.88154772518741e-05,7.302156654898084e-07
1.2026434145958722,8.881547198684531e-05,7.264197381395832e-07
1.2026441372394154,8.881546677640329e-05,7.226435432272638e-07
1.2026448561264151,8.881546161998224e-05,7.188869997065694e-07
1.2026455712763868,8.881545651702157e-05,7.15149971686202e-07
1.2026462827086155,8.881545146696816e-05,7.114322286838615e-07
1.2026469904426442,8.88154464692716e-05,7.077340287153788e-07
1.2026476944979614,8.88154415233874e-05,7.040553171577812e-07
1.2026483948931748,8.881543662878185e-05,7.003952133821656e-07
1.2026490916477728,8.88154317849197e-05,6.96754598017435e-07
1.2026497847804036,8.881542699127674e-05,6.931326308468044e-07
1.202650474309946,8.88154222473324e-05,6.895295423525738e-07
1.2026511602552379,8.881541755256968e-05,6.859452919005804e-07
1.2026518426349277,8.881541290647919e-05,6.823796898647316e-07
1.2026525214675554,8.881540830855566e-05,6.788326276652157e-07
1.202653196771132,8.881540375830295e-05,6.753035766138282e-07
1.202653868564455,8.881539925522365e-05,6.717933229705153e-07
1.2026545368658068,8.881539479882802e-05,6.683013518138381e-07
1.2026552016931444,8.881539038863335e-05,6.648273376264058e-07
1.2026558630643844,8.881538602416197e-05,6.613712399961003e-07
1.2026565209981341,8.881538170493494e-05,6.579337497036875e-07
1.2026571755119444,8.881537743048554e-05,6.545138102609371e-07
1.2026578266235688,8.881537320034944e-05,6.511116243945736e-07
1.2026584743507072,8.88153690140669e-05,6.477271383698024e-07
1.2026591187108964,8.881536487118392e-05,6.443601892058837e-07
1.2026597597215514,8.881536077125085e-05,6.410106550003292e-07
1.2026603974003176,8.881535671382087e-05,6.376787662354388e-07
1.2026610317644337,8.881535269845376e-05,6.343641161254965e-07
1.2026616628310844,8.881534872471335e-05,6.310666507136631e-07
1.2026622906170885,8.88153447921708e-05,6.277860040704297e-07
1.2026629151399828,8.881534090039523e-05,6.245228942880487e-07
1.2026635364166132,8.881533704896495e-05,6.212766303637096e-07
1.2026641544642185,8.881533323745893e-05,6.18047605316363e-07
1.2026647692990888,8.881532946546683e-05,6.148348703494122e-07
1.2026653809381784,8.881532573257703e-05,6.116390895982704e-07
1.202665989398089,8.88153220383841e-05,6.084599106781496e-07
1.2026665946950297,8.881531838248911e-05,6.052969405700992e-07
1.2026671968459137,8.881531476449168e-05,6.021508840436951e-07
1.2026677958666925,8.881531118400133e-05,5.990207787576196e-07
1.2026683917739678,8.881530764062749e-05,5.959072753025652e-07
1.202668984583691,8.881530413398625e-05,5.928097233098839e-07
1.2026695743119897,8.881530066369688e-05,5.89728298638903e-07
1.2026701609751946,8.881529722938043e-05,5.866632049045251e-07
1.2026707445889726,8.881529383066582e-05,5.836137779713368e-07
1.2026713251692072,8.881529046718326e-05,5.805802345548727e-07
1.202671902731714,8.88152871385675e-05,5.775625069315282e-07
1.2026724772919974,8.881528384445785e-05,5.74560283350678e-07
1.2026730488659,8.881528058449537e-05,5.715739026523892e-07
1.2026736174690345,8.881527735832525e-05,5.686031343543618e-07
1.2026741831165253,8.881527416559933e-05,5.656474908466436e-07
1.2026747458242968,8.881527100596705e-05,5.627077714898121e-07
1.2026753056069315,8.88152678790896e-05,5.597826346903645e-07
1.2026758624798792,8.881526478462623e-05,5.568729477545276e-07
1.202676416458468,8.881526172223935e-05,5.539785887798132e-07
1.2026769675577547,8.881525869159626e-05,5.510992866497588e-07
1.2026775157924707,8.881525569236929e-05,5.482347160690182e-07
1.2026780611775105,8.881525272423299e-05,5.453850397962867e-07
1.202678603728134,8.881524978686179e-05,5.425506235390287e-07
1.202679143458436,8.881524687994095e-05,5.397303020071575e-07
1.202679680383487,8.881524400315212e-05,5.369250508646672e-07
1.2026802145178963,8.881524115618287e-05,5.341344093690026e-07
1.2026807458760027,8.88152383387248e-05,5.31358106403701e-07
1.2026812744724023,8.881523555047124e-05,5.285963995405041e-07
1.2026818003214876,8.881523279111907e-05,5.258490853865538e-07
1.2026823234373671,8.881523006036954e-05,5.231158795027113e-07
1.2026828438342845,8.881522735792599e-05,5.203969173361855e-07
1.2026833615264698,8.881522468349426e-05,5.176921853422556e-07
1.2026838765279229,8.881522203678448e-05,5.150014530386215e-07
1.2026843888525078,8.881521941750978e-05,5.123245849780744e-07
1.2026848985142922,8.8815216825385e-05,5.096617843314277e-07
1.2026854055271403,8.881521426012807e-05,5.070128481499125e-07
1.202685909904442,8.881521172146285e-05,5.043773017021635e-07
1.202686411660319,8.881520920911139e-05,5.017558770692432e-07
1.2026869108084053,8.881520672280102e-05,4.991480861971098e-07
1.2026874073623615,8.881520426226076e-05,4.965539561752053e-07
1.2026879013352119,8.88152018272261e-05,4.939728504016472e-07
1.202688392740658,8.881519941743123e-05,4.914054461124806e-07
1.2026888815924555,8.881519703261177e-05,4.888517974865891e-07
1.202689367903005,8.881519467251374e-05,4.863105496077935e-07
1.2026898516859679,8.881519233687872e-05,4.837829628012713e-07
1.2026903329545302,8.881519002545239e-05,4.812685623356572e-07
1.2026908117217838,8.881518773798391e-05,4.787672536199494e-07
1.2026912880006444,8.881518547422542e-05,4.7627886057277635e-07
1.2026917618040953,8.881518323393056e-05,4.7380345091774245e-07
1.2026922331449166,8.88151810168567e-05,4.713408212619896e-07
1.2026927020358882,8.881517882276303e-05,4.6889097160551785e-07
1.2026931684901017,8.881517665141006e-05,4.6645421347690785e-07
1.2026936325202289,8.881517450256113e-05,4.640301272118563e-07
1.2026940941384263,8.881517237598594e-05,4.6161819744483523e-07
1.2026945533574471,8.881517027145211e-05,4.59219020809698e-07
1.202695010189678,8.881516818873153e-05,4.5683223093284653e-07
1.2026954646474928,8.881516612759808e-05,4.544578147136491e-07
1.2026959167431155,8.881516408782897e-05,4.520956227160866e-07
1.2026963664893942,8.881516206919958e-05,4.497462786634543e-07
1.2026968138980516,8.881516007149346e-05,4.47408657455739e-07
1.2026972589817324,8.881515809449086e-05,4.4508368080009575e-07
1.2026977017519833,8.881515613798013e-05,4.427702509079978e-07
1.2026981422209744,8.88151542017478e-05,4.4046899105865123e-07
1.2026985804007266,8.881515228558365e-05,4.3817975226012607e-07
1.20269901630318,8.881515038927949e-05,4.3590245346614154e-07
1.2026994499401389,8.881514851262911e-05,4.3363695878539943e-07
1.202699881323299,8.881514665542959e-05,4.3138316008217714e-07
1.2027003104645593,8.881514481747822e-05,4.291412603052436e-07
1.2027007373755614,8.881514299857539e-05,4.2691100210490163e-07
1.2027011620673915,8.881514119852636e-05,4.246918301475944e-07
1.2027015845522333,8.881513941713252e-05,4.2248484177775936e-07
1.2027020048412946,8.881513765420146e-05,4.2028906133140254e-07
1.2027024229461765,8.881513590954104e-05,4.1810488182747463e-07
1.2027028388780054,8.881513418296317e-05,4.159318289786995e-07
1.2027032526481385,8.881513247427991e-05,4.137701330453325e-07
1.2027036642681088,8.8815130783304e-05,4.116199703307899e-07
1.202704073748352,8.881512910985576e-05,4.0948024326858956e-07
1.2027044811005096,8.881512745375104e-05,4.0735215756093623e-07
1.202704886335898,8.881512581480875e-05,4.052353883565729e-07
1.2027052894649797,8.881512419285351e-05,4.0312908167194905e-07
1.2027056904989357,8.881512258770813e-05,4.010339560434062e-07
1.2027060894487975,8.881512099919746e-05,3.989498618128806e-07
1.2027064863248382,8.8815119427152e-05,3.968760406980465e-07
1.2027068811387533,8.8815117871397e-05,3.94813915116643e-07
1.2027072739004772,8.881511633176683e-05,3.9276172381086383e-07
1.2027076646215697,8.881511480809037e-05,3.907210925913063e-07
1.202708053311518,8.881511330020714e-05,3.8868994822749414e-07
1.202708439981435,8.881511180795109e-05,3.866699169741139e-07
1.202708824641878,8.881511033116018e-05,3.8466044305351943e-07
1.2027092073034724,8.88151088696726e-05,3.8266159441135983e-07
1.202709587976098,8.881510742333273e-05,3.8067262564389637e-07
1.2027099666703394,8.881510599198209e-05,3.7869424129866047e-07
1.2027103433966317,8.881510457546464e-05,3.7672629238372224e-07
1.2027107181647059,8.881510317362865e-05,3.7476807412950564e-07
1.2027110909852141,8.881510178632027e-05,3.728205082431657e-07
1.2027114618680903,8.881510041338939e-05,3.708828761883609e-07
1.2027118308238784,8.881509905468509e-05,3.689557881436656e-07
1.202712197861957,8.881509771006267e-05,3.670380785969485e-07
1.2027125629925988,8.881509637937464e-05,3.651306417218336e-07
1.2027129262256968,8.881509506247675e-05,3.632330980440912e-07
1.2027132875706974,8.881509375922782e-05,3.613450005879315e-07
1.2027136470379682,8.881509246948404e-05,3.5946727083846497e-07
1.2027140046371725,8.88150911931059e-05,3.5759920424816016e-07
1.2027143603780135,8.881508992995473e-05,3.557408410070906e-07
1.2027147142699104,8.881508867989452e-05,3.538918968981619e-07
1.202715066322824,8.881508744278807e-05,3.520529137102102e-07
1.2027154165458078,8.881508621850297e-05,3.5022298372489047e-07
1.2027157649487008,8.881508500690537e-05,3.484028929801042e-07
1.2027161115410845,8.881508380786315e-05,3.46592383682065e-07
1.2027164563324457,8.881508262124571e-05,3.447913612397713e-07
1.202716799331892,8.88150814469253e-05,3.4299944617899314e-07
1.2027171405487607,8.881508028477443e-05,3.412168687599859e-07
1.2027174799920914,8.881507913466798e-05,3.394433307768452e-07
1.2027178176716964,8.881507799647871e-05,3.376796049447961e-07
1.202718153596615,8.881507687008327e-05,3.359249185486135e-07
1.20271848777548,8.881507575536155e-05,3.341788650246258e-07
1.2027188202175616,8.881507465219172e-05,3.324420816408491e-07
1.2027191509321975,8.881507356045285e-05,3.307146358988433e-07
1.20271947992798,8.881507248002808e-05,3.289957823948697e-07
1.2027198072141245,8.881507141079887e-05,3.272861446301789e-07
1.2027201327992374,8.881507035265026e-05,3.255851128702858e-07
1.2027204566924121,8.881506930546645e-05,3.238931747251428e-07
1.2027207789021055,8.88150682691355e-05,3.2220969337082295e-07
1.2027210994378448,8.881506724354123e-05,3.2053573928436663e-07
1.202721418307694,8.881506622857516e-05,3.1886984919182737e-07
1.2027217355203266,8.881506522412703e-05,3.172126326056457e-07
1.2027220510842807,8.881506423008784e-05,3.155639540786126e-07
1.2027223650083925,8.881506324634907e-05,3.139241118166325e-07
1.2027226773010917,8.881506227280442e-05,3.1229269925603376e-07
1.2027229879710928,8.881506130934674e-05,3.106700010579999e-07
1.2027232970264863,8.881506035587321e-05,3.090553934992357e-07
1.2027236044757428,8.881505941227998e-05,3.074492564980602e-07
1.202723910327224,8.881505847846466e-05,3.0585148125261696e-07
1.2027242145894275,8.881505755432485e-05,3.042622034321596e-07
1.202724517270322,8.88150566397619e-05,3.026808945705284e-07
1.2027248183785544,8.881505573467453e-05,3.0110823234785755e-07
1.202725117921917,8.88150548389659e-05,2.9954336255855196e-07
1.2027254159085143,8.881505395253914e-05,2.9798659739732614e-07
1.2027257123466,8.88150530752972e-05,2.964380856340654e-07
1.2027260072442376,8.881505220714507e-05,2.9489763764267707e-07
1.2027263006090303,8.881505134798974e-05,2.93364792680606e-07
1.2027265924494617,8.881505049773635e-05,2.918404313767553e-07
1.2027268827733246,8.881504965629276e-05,2.9032386295035906e-07
1.2027271715881815,8.881504882356926e-05,2.8881485691911735e-07
1.2027274589023942,8.881504799947314e-05,2.873142126436079e-07
1.2027277447232674,8.881504718391702e-05,2.858208731915113e-07
1.2027280290589735,8.881504637681096e-05,2.8433570609109893e-07
1.2027283119171694,8.881504557806753e-05,2.828581959768428e-07
1.2027285933053906,8.881504478760075e-05,2.813882211682994e-07
1.2027288732312669,8.881504400532454e-05,2.799258762564705e-07
1.2027291517025775,8.881504323115345e-05,2.7847131067737507e-07
1.2027294287267765,8.88150424650039e-05,2.770241989136224e-07
1.202729704311182,8.881504170679342e-05,2.7558440551800345e-07
1.2027299784634378,8.881504095643929e-05,2.7415225578586444e-07
1.202730251191174,8.881504021385935e-05,2.7272773617248447e-07
1.2027305225017766,8.881503947897301e-05,2.713106026508427e-07
1.20273079240232,8.881503875170169e-05,2.699005434703139e-07
1.2027310609003667,8.881503803196567e-05,2.684980466849396e-07
1.2027313280030723,8.881503731968694e-05,2.671027055090036e-07
1.2027315937174163,8.881503661478951e-05,2.6571434408317884e-07
1.2027318580512456,8.881503591719455e-05,2.643338292696029e-07
1.202732121011201,8.881503522682841e-05,2.629599553660711e-07
1.2027323826050347,8.881503454361398e-05,2.61593833705831e-07
1.2027326428392924,8.88150338674789e-05,2.602342576984995e-07
1.2027329017211976,8.881503319834924e-05,2.5888190524625543e-07
1.20273315925773,8.88150325361527e-05,2.5753653232207796e-07
1.2027334154558282,8.881503188081752e-05,2.561980982918044e-07
1.2027336703228786,8.881503123227134e-05,2.5486705035326906e-07
1.2027339238651151,8.881503059044582e-05,2.535422365390616e-07
1.202734176090168,8.881502995526908e-05,2.522250528436132e-07
1.2027344270043934,8.881502932667359e-05,2.5091422539702535e-07
1.2027346766145675,8.881502870459145e-05,2.49610174085646e-07
1.2027349249279409,8.881502808895356e-05,2.483133734187959e-07
1.2027351719508292,8.881502747969434e-05,2.4702288836664366e-07
1.2027354176900764,8.88150268767474e-05,2.457392471733044e-07
1.2027356621522418,8.881502628004767e-05,2.444621653996393e-07
1.2027359053440339,8.881502568953021e-05,2.431917920375781e-07
1.2027361472721882,8.88150251051304e-05,2.419281543986074e-07
1.2027363879429258,8.881502452678587e-05,2.406707375612882e-07
1.202736627363104,8.881502395443305e-05,2.3942017812750294e-07
1.2027368655393091,8.881502338800956e-05,2.3817620520283356e-07
1.2027371024774909,8.881502282745552e-05,2.3693818174130854e-07
1.202737338184683,8.881502227270809e-05,2.3570719220877834e-07
1.2027375726669571,8.881502172370824e-05,2.344822740418806e-07
1.202737805930832,8.881502118039602e-05,2.3326387488253886e-07
1.202738037982379,8.881502064271311e-05,2.3205154708882958e-07
1.202738268828036,8.881502011060059e-05,2.308456568123063e-07
1.202738498474145,8.881501958400076e-05,2.2964610901787808e-07
1.2027387269266288,8.881501906285761e-05,2.2845248381919703e-07
1.2027389541922635,8.88150185471125e-05,2.2726563475572448e-07
1.2027391802768903,8.881501803671066e-05,2.2608462679762908e-07
1.2027394051868112,8.881501753159636e-05,2.2490992090951067e-07
1.202739628927935,8.881501703171498e-05,2.2374112385037392e-07
1.2027398515061707,8.881501653701316e-05,2.2257823562021883e-07
1.202740072927942,8.88150160474357e-05,2.2142177136252883e-07
1.2027402931991311,8.881501556293024e-05,2.202711890664233e-07
1.2027405123256194,8.881501508344424e-05,2.19126488287813e-07
1.202740730313194,8.881501460892641e-05,2.1798757465774088e-07
1.2027409471681298,8.881501413932403e-05,2.1685493578615933e-07
1.2027411628963085,8.881501367458633e-05,2.1572817865411764e-07
1.2027413775034357,8.881501321466318e-05,2.146071271802441e-07
1.2027415909953525,8.881501275950475e-05,2.1349191681174773e-07
1.2027418033779813,8.881501230906125e-05,2.123826288169539e-07
1.2027420146567704,8.881501186328466e-05,2.1127878913063114e-07
1.2027422248376152,8.88150114221262e-05,2.1018084472856913e-07
1.202742433926465,8.881501098553744e-05,2.0908884978965148e-07
1.2027426419287408,8.881501055347154e-05,2.0800227584771847e-07
1.202742848850257,8.881501012588172e-05,2.0692151614376542e-07
1.202743054696597,8.881500970272092e-05,2.058463399734478e-07
1.2027432594732224,8.881500928394397e-05,2.0477662543427755e-07
1.2027434631857032,8.881500886950535e-05,2.0371248088402183e-07
1.2027436658397317,8.881500845935944e-05,2.0265402844721336e-07
1.2027438674403088,8.881500805346353e-05,2.0160057712104162e-07
1.2027440679934247,8.881500765177191e-05,2.0055311589217695e-07
1.2027442675043782,8.881500725424134e-05,1.995109535357642e-07
1.2027444659786177,8.881500686082893e-05,1.984742394878225e-07
1.2027446634214691,8.881500647149184e-05,1.9744285140177453e-07
1.2027448598386383,8.881500608618728e-05,1.9641716919593932e-07
1.2027450552350447,8.881500570487431e-05,1.9539640638832623e-07
1.2027452496159465,8.881500532751162e-05,1.9438090181900236e-07
1.2027454429869004,8.881500495405755e-05,1.9337095391591674e-07
1.2027456353528532,8.881500458447265e-05,1.9236595272253965e-07
1.2027458267194426,8.881500421871549e-05,1.913665894637262e-07
1.2027460170913986,8.881500385674756e-05,1.9037195597704226e-07
1.202746206474115,8.881500349852898e-05,1.8938271639790116e-07
1.202746394872647,8.881500314402154e-05,1.883985318862358e-07
1.2027465822925507,8.88150027931853e-05,1.8741990381876406e-07
1.202746768738177,8.881500244598414e-05,1.8644562627123662e-07
1.2027469542151092,8.881500210237911e-05,1.8547693225734463e-07
1.202747138728172,8.88150017623334e-05,1.8451306282862845e-07
1.202747322282475,8.881500142580993e-05,1.835543028683162e-07
1.202747504882951,8.881500109277245e-05,1.8260047607299157e-07
1.2027476865347366,8.881500076318423e-05,1.8165178561346806e-07
1.2027478672423313,8.881500043701035e-05,1.8070759466581876e-07
1.2027480470110745,8.881500011421499e-05,1.797687432247841e-07
1.2027482258457505,8.88149997947631e-05,1.7883467595680713e-07
1.2027484037510618,8.881499947862003e-05,1.7790531137151788e-07
1.2027485807319553,8.881499916575168e-05,1.7698089349593715e-07
1.2027487567932016,8.881499885612399e-05,1.7606124624869324e-07
1.2027489319395166,8.88149985497034e-05,1.7514631500681332e-07
1.2027491061756845,8.881499824645707e-05,1.7423616793799113e-07
1.2027492795066386,8.881499794635117e-05,1.7333095403415655e-07
1.2027494519369053,8.881499764935373e-05,1.7243026673163797e-07
1.2027496234710653,8.881499735543276e-05,1.715341599872744e-07
1.2027497941139027,8.881499706455622e-05,1.7064283741596853e-07
1.2027499638700254,8.881499677669246e-05,1.6975612271430407e-07
1.202750132744109,8.881499649181e-05,1.6887408360588552e-07
1.202750300740558,8.881499620987865e-05,1.6799644897425026e-07
1.2027504678641294,8.881499593086722e-05,1.671235714262309e-07
1.2027506341193903,8.881499565474547e-05,1.6625526089164566e-07
1.2027507995105422,8.881499538148404e-05,1.653911518850748e-07
1.2027509640425587,8.881499511105227e-05,1.6453201645560966e-07
1.2027511277194785,8.881499484342168e-05,1.636769197954635e-07
1.2027512905459365,8.8814994578563e-05,1.6282645809440055e-07
1.2027514525261613,8.881499431644782e-05,1.6198022478874918e-07
1.2027516136646792,8.881499405704782e-05,1.611385178623692e-07
1.2027517739662472,8.881499380033317e-05,1.6030156801960516e-07
1.2027519334346601,8.881499354627812e-05,1.5946841291913927e-07
1.2027520920744443,8.881499329485391e-05,1.5863978419794478e-07
1.202752249889747,8.881499304603433e-05,1.5781530260383647e-07
1.2027524068850404,8.881499279979151e-05,1.5699529343216057e-07
1.202752563064675,8.881499255609902e-05,1.5617963455838435e-07
1.2027527184327707,8.881499231493008e-05,1.5536809572225252e-07
1.2027528729933255,8.881499207625933e-05,1.5456055479923236e-07
1.2027530267506898,8.881499184006061e-05,1.537573643961565e-07
1.202753179709187,8.881499160630807e-05,1.5295849720153853e-07
1.2027533318730181,8.881499137497606e-05,1.5216383109084575e-07
1.2027534832461406,8.881499114603991e-05,1.5137312248114654e-07
1.2027536338325524,8.881499091947502e-05,1.50586411784559e-07
1.2027537836366853,8.881499069525627e-05,1.4980413287624117e-07
1.2027539326624017,8.881499047335945e-05,1.49025716433826e-07
1.202754080913564,8.881499025376116e-05,1.482511622352689e-07
1.2027542283944548,8.881499003643705e-05,1.474808908330516e-07
1.2027543751092349,8.881498982136298e-05,1.4671478010264138e-07
1.2027545210615498,8.881498960851674e-05,1.4595231490055482e-07
1.2027546662554383,8.881498939787467e-05,1.4519388846778725e-07
1.202754810694871,8.881498918941394e-05,1.4443943263664494e-07
1.2027549543837648,8.881498898311211e-05,1.436888938943781e-07
1.202755097325833,8.88149887789472e-05,1.4294206818199484e-07
1.202755239525277,8.881498857689625e-05,1.4219944399762596e-07
1.2027553809858642,8.881498837693771e-05,1.4146058724406885e-07
1.2027555217114574,8.881498817904978e-05,1.40725593178459e-07
1.2027556617057698,8.881498798321113e-05,1.3999431236477733e-07
1.2027558009725552,8.881498778940105e-05,1.3926678543718651e-07
1.2027559395158118,8.881498759759731e-05,1.3854325664475198e-07
1.20275607733905,8.88149874077804e-05,1.378232381554767e-07
1.202756214446132,8.881498721992887e-05,1.371070819100595e-07
1.202756350840649,8.881498703402296e-05,1.3639451701408234e-07
1.202756486526572,8.881498685004215e-05,1.3568592316381967e-07
1.2027566215075471,8.881498666796617e-05,1.3498097506392526e-07
1.202756755786935,8.881498648777598e-05,1.34279387831171e-07
1.2027568893684624,8.881498630945188e-05,1.335815273950658e-07
1.202757022256114,8.88149861329742e-05,1.3288765154939597e-07
1.2027571544533997,8.881498595832358e-05,1.321972857848408e-07
1.202757285963708,8.881498578548182e-05,1.3151030819891218e-07
1.2027574167906707,8.881498561442966e-05,1.3082696281863093e-07
1.2027575469378793,8.881498544514872e-05,1.3014720856574513e-07
1.2027576764087355,8.881498527762078e-05,1.294708562582514e-07
1.202757805206641,8.881498511182795e-05,1.287979054520605e-07
1.202757933335797,8.881498494775104e-05,1.2812915595183938e-07
1.2027580607989006,8.881498478537355e-05,1.274631036274343e-07
1.2027581875997058,8.88149846246776e-05,1.2680080518912007e-07
1.2027583137417632,8.881498446564501e-05,1.261420574660832e-07
1.202758439228041,8.881498430825993e-05,1.2548627781328037e-07
1.2027585640624152,8.88149841525042e-05,1.248343741711011e-07
1.2027586882481247,8.881498399836122e-05,1.2418570949357388e-07
1.2027588117887609,8.88149838458141e-05,1.2354063616548672e-07
1.2027589346871292,8.881498369484679e-05,1.2289836837098278e-07
1.202759056946984,8.881498354544265e-05,1.222598546846143e-07
1.2027591785714826,8.881498339758571e-05,1.2162449869457248e-07
1.2027592995643521,8.881498325125908e-05,1.209928695011797e-07
1.2027594199281948,8.88149831064481e-05,1.2036384267055666e-07
1.2027595396668864,8.881498296313609e-05,1.1973869162851258e-07
1.2027596587833274,8.881498282130792e-05,1.1911644093309803e-07
1.20275977728077,8.881498268094845e-05,1.1849744274705643e-07
1.2027598951626841,8.881498254204192e-05,1.1788191400796677e-07
1.2027600124318207,8.881498240457378e-05,1.1726913662357674e-07
1.2027601290916357,8.881498226852908e-05,1.1665981491937316e-07
1.2027602451453545,8.881498213389288e-05,1.1605371885714533e-07
1.2027603605961215,8.881498200065053e-05,1.1545076694652323e-07
1.2027604754469587,8.881498186878771e-05,1.1485083728501877e-07
1.2027605897009968,8.881498173829035e-05,1.1425403800835454e-07
1.202760703361651,8.881498160914327e-05,1.1366065422180327e-07
1.2027608164314556,8.881498148133396e-05,1.1306980463032801e-07
1.202760928913704,8.881498135484781e-05,1.12482248404433e-07
1.2027610408113778,8.881498122967144e-05,1.1189767379349291e-07
1.2027611521278379,8.881498110579069e-05,1.1131646004969298e-07
1.2027612628656863,8.881498098319285e-05,1.1073784844661816e-07
1.202761373028203,8.881498086186392e-05,1.1016251666440269e-07
1.2027614826181658,8.881498074179152e-05,1.0958996288223943e-07
1.20276159163876,8.881498062296203e-05,1.0902059410788922e-07
1.2027617000930346,8.88149805053625e-05,1.0845427467209845e-07
1.2027618079837545,8.881498038898063e-05,1.078907199136836e-07
1.2027619153138607,8.88149802738036e-05,1.0733010613606098e-07
1.2027620220861042,8.88149801598193e-05,1.0677224349109338e-07
1.2027621283037917,8.881498004701439e-05,1.0621768753438232e-07
1.2027622339694986,8.88149799353777e-05,1.0566570685099919e-07
1.2027623390862738,8.881497982489625e-05,1.0511677528413088e-07
1.2027624436566382,8.881497971555892e-05,1.0457036436761769e-07
1.202762547683587,8.88149796073537e-05,1.0402694883282493e-07
1.202762651170061,8.881497950026842e-05,1.034864740567798e-07
1.2027627541188657,8.881497939429182e-05,1.0294880459227329e-07
1.2027628565328874,8.881497928941191e-05,1.0241402170763081e-07
1.2027629584146473,8.881497918561794e-05,1.0188175991743265e-07
1.202763059767032,8.881497908289826e-05,1.0135238470709851e-07
1.2027631605928195,8.881497898124207e-05,1.0082578749681659e-07
1.2027632608945038,8.881497888063851e-05,1.0030168429153719e-07
1.2027633606751882,8.881497878107611e-05,9.978068438165622e-08
1.2027634599375292,8.881497868254408e-05,9.926234101342857e-08
1.2027635586840204,8.881497858503219e-05,9.874649120611423e-08
1.2027636569174807,8.881497848852967e-05,9.823346025505941e-08
1.20276375464039,8.881497839302612e-05,9.7722909320197e-08
1.2027638518557031,8.881497829851092e-05,9.721531313289233e-08
1.2027639485656154,8.881497820497467e-05,9.670991230059656e-08
1.2027640447733794,8.881497811240603e-05,9.620776397767372e-08
1.2027641404810687,8.881497802079553e-05,9.570768932931628e-08
1.202764235691394,8.881497793013365e-05,9.521032517945116e-08
1.2027643304071873,8.881497784040994e-05,9.471579343056646e-08
1.2027644246306581,8.881497775161509e-05,9.422347080345617e-08
1.2027645183646252,8.881497766373921e-05,9.373396703260539e-08
1.20276461161146,8.881497757677325e-05,9.324683492017982e-08
1.2027647043738598,8.881497749070732e-05,9.276239976152567e-08
1.2027647966543182,8.881497740553202e-05,9.228045838582943e-08
1.2027648884553697,8.881497732123842e-05,9.180105142725381e-08
1.2027649797795348,8.881497723781678e-05,9.13241651190333e-08
1.2027650706289412,8.881497715525905e-05,9.084940644221717e-08
1.2027651610062182,8.881497707355582e-05,9.037727699556797e-08
1.2027652509139137,8.881497699269832e-05,8.990769551076028e-08
1.2027653403543181,8.881497691267788e-05,8.944040441605239e-08
1.2027654293302232,8.881497683348536e-05,8.897590508816222e-08
1.2027655178437433,8.881497675511245e-05,8.851352006900015e-08
1.202765605897399,8.88149766775507e-05,8.805365570019319e-08
1.2027656934933992,8.881497660079177e-05,8.759600023111602e-08
1.2027657806342786,8.88149765248274e-05,8.714087940120407e-08
1.2027658673224357,8.881497644964902e-05,8.668815709711453e-08
1.2027659535602424,8.881497637524847e-05,8.623780667349479e-08
1.2027660393498127,8.881497630161848e-05,8.578957033655854e-08
1.2027661246938846,8.881497622875007e-05,8.534407180960102e-08
1.2027662095942602,8.88149761566361e-05,8.490037561870167e-08
1.2027662940536907,8.881497608526786e-05,8.445943056045735e-08
1.202766378074033,8.881497601463876e-05,8.402034223919941e-08
1.2027664616579026,8.88149759447404e-05,8.358386960338748e-08
1.2027665448074136,8.881497587556575e-05,8.314951105425905e-08
1.2027666275251276,8.881497580710642e-05,8.271771401169303e-08
1.202766709812874,8.881497573935588e-05,8.228774639462699e-08
1.2027667916729434,8.881497567230659e-05,8.186006938970536e-08
1.202766873107721,8.881497560595101e-05,8.143477758792983e-08
1.2027669541196055,8.881497554028189e-05,8.10118845340213e-08
1.2027670347103994,8.881497547529258e-05,8.059079381617096e-08
1.2027671148825285,8.881497541097532e-05,8.017212915767402e-08
1.2027671946377414,8.881497534732446e-05,7.975521287839626e-08
1.2027672739789923,8.881497528433189e-05,7.934125090258703e-08
1.2027673529078533,8.881497522199084e-05,7.892886100258067e-08
1.202767431426398,8.881497516029528e-05,7.851854477713971e-08
1.2027675095369847,8.88149750992383e-05,7.811058666540305e-08
1.202767587241917,8.881497503881255e-05,7.770493226644248e-08
1.202767664542862,8.881497497901265e-05,7.73009449783757e-08
1.2027677414424354,8.881497491983119e-05,7.689957337575493e-08
1.202767817942277,8.881497486126221e-05,7.649984157254153e-08
1.202767894044772,8.881497480329897e-05,7.610249497247423e-08
1.2027679697517364,8.881497474593567e-05,7.570696447523062e-08
1.2027680450652847,8.881497468916637e-05,7.53135482867151e-08
1.202768119987707,8.881497463298393e-05,7.492242226625478e-08
1.2027681945207922,8.881497457738259e-05,7.453308525917635e-08
1.202768268666343,8.881497452235715e-05,7.414555081020069e-08
1.2027683424267175,8.881497446790087e-05,7.376037447492934e-08
1.2027684158039484,8.881497441400793e-05,7.337723095801607e-08
1.2027684887998655,8.881497436067277e-05,7.299591708864739e-08
1.2027685614166777,8.881497430788901e-05,7.26168121190085e-08
1.2027686336558487,8.881497425565192e-05,7.223917108944988e-08
1.2027687055196148,8.881497420395516e-05,7.186376604906286e-08
1.2027687770101307,8.881497415279315e-05,7.149051595156664e-08
1.202768848129077,8.881497410216066e-05,7.111894628764048e-08
1.2027689188785136,8.881497405205208e-05,7.074943653151422e-08
1.2027689892605817,8.881497400246154e-05,7.038206817355785e-08
1.2027690592767724,8.881497395338415e-05,7.001619062307896e-08
1.2027691289292675,8.881497390481456e-05,6.965249510493265e-08
1.2027691982197475,8.881497385674753e-05,6.929048002035643e-08
1.2027692671504349,8.881497380917752e-05,6.893068738023089e-08
1.202769335722902,8.881497376209977e-05,6.857246703795283e-08
1.2027694039391137,8.88149737155088e-05,6.821621179042836e-08
1.2027694718006559,8.881497366940034e-05,6.786154216342766e-08
1.202769539309873,8.881497362376845e-05,6.750921710541036e-08
1.2027696064681745,8.881497357860861e-05,6.715830158654512e-08
1.2027696732773223,8.881497353391639e-05,6.680914776957536e-08
1.2027697397395118,8.881497348968626e-05,6.64621895296591e-08
1.2027698058565863,8.881497344591344e-05,6.611707448200832e-08
1.2027698716298196,8.881497340259379e-05,6.5773233304256e-08
1.202769937061597,8.881497335972195e-05,6.543177732964978e-08
1.202770002153355,8.881497331729355e-05,6.509175798363742e-08
1.2027700669067198,8.881497327530423e-05,6.475336489231154e-08
1.202770131323616,8.88149732337492e-05,6.441689626157654e-08
1.2027701954058327,8.881497319262416e-05,6.408221664422342e-08
1.202770259155172,8.881497315192443e-05,6.374933936292848e-08
1.2027703225732878,8.881497311164546e-05,6.341811564780642e-08
1.2027703856617111,8.881497307178348e-05,6.308842337432452e-08
1.2027704484225292,8.881497303233361e-05,6.276081809808431e-08
1.2027705108572735,8.881497299329164e-05,6.243474426348428e-08
1.2027705729673805,8.881497295465393e-05,6.21101070574781e-08
1.2027706347551002,8.881497291641566e-05,6.178771960740903e-08
1.2027706962218552,8.881497287857232e-05,6.146675501916832e-08
1.202770757369123,8.881497284112086e-05,6.114726791572878e-08
1.2027708181985435,8.881497280405677e-05,6.0829420389652e-08
1.20277087871177,8.881497276737617e-05,6.05132264297481e-08
1.2027709389108217,8.881497273107468e-05,6.019905174348139e-08
1.2027709987971489,8.881497269514877e-05,5.988632723052945e-08
1.202771058372188,8.881497265959414e-05,5.957503912412676e-08
1.2027711176374705,8.881497262440791e-05,5.9265282459364244e-08
1.2027711765951106,8.881497258958482e-05,5.895764010332982e-08
1.2027712352462603,8.88149725551223e-05,5.865114971470575e-08
1.202771293592641,8.881497252101627e-05,5.834638061585906e-08
1.202771351635987,8.881497248726276e-05,5.8043346129466045e-08
1.2027714093776267,8.881497245385852e-05,5.7741639691855084e-08
1.2027714668195524,8.881497242079918e-05,5.7441925660484117e-08
1.2027715239627668,8.881497238808205e-05,5.714321438254899e-08
1.2027715808089774,8.881497235570341e-05,5.684621062762574e-08
1.2027716373599597,8.881497232365947e-05,5.6550982341363465e-08
1.202771693617191,8.881497229194679e-05,5.625723131785776e-08
1.202771749581959,8.88149722605621e-05,5.596476793101601e-08
1.2027718052559302,8.881497222950223e-05,5.5673971210978834e-08
1.2027718606407853,8.881497219876325e-05,5.538485514655633e-08
1.2027719157377443,8.881497216834228e-05,5.509695899519329e-08
1.2027719705483655,8.881497213823576e-05,5.481062115286761e-08
1.2027720250740854,8.881497210844068e-05,5.45257199391358e-08
1.2027720793166794,8.881497207895363e-05,5.424259397202036e-08
1.2027721332775163,8.881497204977153e-05,5.396083690989428e-08
1.2027721869579922,8.88149720208909e-05,5.368047584219937e-08
1.20277224035953,8.881497199230913e-05,5.3401537858377424e-08
1.2027722934835392,8.881497196402274e-05,5.3124009191662935e-08
1.2027723463314561,8.881497193602904e-05,5.284791693149771e-08
1.202772398904826,8.881497190832461e-05,5.257336987973815e-08
1.2027724512051126,8.881497188090661e-05,5.230028654601426e-08
1.2027725032335082,8.881497185377211e-05,5.202839559181882e-08
1.2027725549914496,8.881497182691838e-05,5.175794148826185e-08
1.2027726064805497,8.881497180034226e-05,5.148910009467045e-08
1.2027726577021771,8.88149717740406e-05,5.1221627384023805e-08
1.202772708657687,8.88149717480112e-05,5.095550981160102e-08
1.2027727593484483,8.881497172225067e-05,5.06907613662122e-08
1.2027728097758839,8.881497169675649e-05,5.042743556060714e-08
1.2027728599413763,8.881497167152587e-05,5.016549242675694e-08
1.2027729098461317,8.881497164655605e-05,4.99047554392007e-08
1.2027729594914511,8.881497162184454e-05,4.964531941098471e-08
1.202773008879042,8.881497159738823e-05,4.93875909057806e-08
1.2027730580100022,8.881497157318465e-05,4.9130960189103234e-08
1.202773106885511,8.881497154923163e-05,4.887550875132263e-08
1.2027731555071943,8.881497152552601e-05,4.8621683346183886e-08
1.202773203876245,8.88149715020655e-05,4.83690507646628e-08
1.2027732519939507,8.881497147884758e-05,4.8117705597761073e-08
1.2027732998616392,8.881497145586938e-05,4.78676884796414e-08
1.2027733474806253,8.881497143312901e-05,4.761898608762749e-08
1.2027733948521557,8.881497141062358e-05,4.7371530476070234e-08
1.2027734419775724,8.881497138835081e-05,4.712541668006054e-08
1.202773488858095,8.881497136630825e-05,4.68805225750657e-08
1.202773535495038,8.881497134449353e-05,4.663694297413201e-08
1.20277358188977,8.881497132290424e-05,4.6394732056143084e-08
1.2027736280434975,8.8814971301538e-05,4.6153727506492714e-08
1.2027736739573183,8.88149712803928e-05,4.5913820745369094e-08
1.2027737196325738,8.881497125946594e-05,4.567525557774843e-08
1.2027737650704027,8.881497123875573e-05,4.543782883281722e-08
1.2027738102724717,8.881497121825917e-05,4.520206897673518e-08
1.2027738552397025,8.881497119797447e-05,4.496723082780818e-08
1.2027738999731523,8.88149711778994e-05,4.473344983324523e-08
1.202773944474068,8.881497115803194e-05,4.4500915619138937e-08
1.2027739887439535,8.881497113836963e-05,4.4269885535186404e-08
1.2027740327835004,8.881497111891088e-05,4.403954689813361e-08
1.202774076594538,8.881497109965286e-05,4.381103768658079e-08
1.2027741201777713,8.881497108059372e-05,4.3583233244604e-08
1.2027741635343656,8.881497106173209e-05,4.335659431475847e-08
1.202774206665839,8.881497104306504e-05,4.31314732818322e-08
1.2027742495730585,8.881497102459112e-05,4.290721955513277e-08
1.2027742922575695,8.881497100630788e-05,4.268451103683901e-08
1.2027743347201578,8.88149709882137e-05,4.2462588334402085e-08
1.2027743769623143,8.881497097030636e-05,4.2242156439442624e-08
1.2027744189850282,8.881497095258405e-05,4.202271397524271e-08
1.2027744607892348,8.881497093504511e-05,4.1804206540874134e-08
1.2027745023764382,8.881497091768694e-05,4.1587203458703925e-08
1.202774543747384,8.88149709005081e-05,4.137094578027245e-08
1.202774584903075,8.881497088350747e-05,4.115569107732142e-08
1.2027746258454222,8.881497086668183e-05,4.094234706819577e-08
1.2027746665750625,8.881497085003016e-05,4.072964032708626e-08
1.2027747070929444,8.881497083355053e-05,4.051788193848438e-08
1.202774747400044,8.881497081724152e-05,4.030709965796575e-08
1.2027747874981094,8.881497080110072e-05,4.009806531257709e-08
1.2027748273878047,8.881497078512638e-05,3.988969532464637e-08
1.20277486706997,8.881497076931752e-05,3.9682165331456076e-08
1.2027749065460693,8.881497075367186e-05,3.9476099278346055e-08
1.2027749458172543,8.881497073818766e-05,3.927118497060178e-08
1.202774984884135,8.88149707228637e-05,3.9066880619387234e-08
1.2027750237481343,8.881497070769786e-05,3.886399935204565e-08
1.202775062410228,8.881497069268864e-05,3.866209374869811e-08
1.2027751008711616,8.881497067783471e-05,3.8460933549089305e-08
1.2027751391324666,8.881497066313404e-05,3.826130501316527e-08
1.2027751771950101,8.88149706485852e-05,3.806254356142347e-08
1.202775215059592,8.881497063418684e-05,3.7864581914348605e-08
1.2027752527277435,8.881497061993678e-05,3.7668151486869306e-08
1.2027752901998985,8.881497060583447e-05,3.747215493454803e-08
1.2027753274778321,8.88149705918774e-05,3.727793362884313e-08
1.2027753645617205,8.881497057806457e-05,3.7083888404509935e-08
1.2027754014530276,8.881497056439445e-05,3.689130712025701e-08
1.2027754381526614,8.881497055086563e-05,3.6699633776393625e-08
1.2027754746616381,8.88149705374763e-05,3.650897673068698e-08
1.2027755109809202,8.88149705242253e-05,3.631928202629808e-08
1.2027755471113613,8.88149705111113e-05,3.613044108341512e-08
1.2027755830540863,8.881497049813262e-05,3.594272501850071e-08
1.202775618810193,8.881497048528802e-05,3.575610674211305e-08
1.2027756543801558,8.881497047257628e-05,3.5569962753001505e-08
1.2027756897655466,8.881497045999568e-05,3.538539083969283e-08
1.2027757249673143,8.881497044754483e-05,3.5201767722981003e-08
1.2027757599861228,8.881497043522245e-05,3.50188085196379e-08
1.2027757948226636,8.881497042302776e-05,3.4836540763194535e-08
1.202775829478495,8.881497041095882e-05,3.465583131578853e-08
1.2027758639543757,8.881497039901431e-05,3.4475880816842164e-08
1.2027758982510515,8.88149703871929e-05,3.429667572163453e-08
1.2027759323691998,8.881497037549397e-05,3.4118148306561125e-08
1.2027759663100404,8.881497036391607e-05,3.3940840582502574e-08
1.2027760000747387,8.881497035245757e-05,3.3764698370575275e-08
1.2027760336642301,8.881497034111705e-05,3.358949141052392e-08
1.2027760670789887,8.881497032989378e-05,3.341475851570408e-08
1.2027761003200852,8.881497031878633e-05,3.324109654201379e-08
1.2027761333884006,8.88149703077939e-05,3.3068315419271244e-08
1.2027761662851275,8.881497029691452e-05,3.289672689810175e-08
1.2027761990107266,8.881497028614767e-05,3.272559911948747e-08
1.2027762315663906,8.881497027549181e-05,3.2555663942446245e-08
1.2027762639527158,8.881497026494606e-05,3.238632517721385e-08
1.20277629617061,8.881497025450965e-05,3.221789435237099e-08
1.202776328221483,8.881497024418036e-05,3.205087284463559e-08
1.202776360105714,8.881497023395796e-05,3.1884231033174615e-08
1.2027763918244416,8.881497022384092e-05,3.171872764440309e-08
1.2027764233780858,8.881497021382857e-05,3.1553644141979476e-08
1.2027764547680155,8.88149702039192e-05,3.138992976658983e-08
1.2027764859946644,8.881497019411246e-05,3.1226648822269e-08
1.2027765170592657,8.881497018440666e-05,3.1064601335728526e-08
1.2027765479622667,8.88149701748013e-05,3.090300104702237e-08
1.2027765787047922,8.881497016529499e-05,3.074252541424016e-08
1.2027766092878587,8.881497015588661e-05,3.0583066523703906e-08
1.202776639711683,8.881497014657543e-05,3.0423824348702055e-08
1.2027766699772815,8.88149701373605e-05,3.026559847185695e-08
1.202776700085847,8.881497012824051e-05,3.0108565418629496e-08
1.202776730037989,8.881497011921488e-05,2.995214209988717e-08
1.2027767598346024,8.88149701102821e-05,2.9796613398858085e-08
1.2027767894764188,8.881497010144151e-05,2.964181633480223e-08
1.2027768189641022,8.881497009269226e-05,2.9487683406159704e-08
1.202776848298493,8.881497008403336e-05,2.933439091634682e-08
1.2027768774805943,8.881497007546372e-05,2.9182101179969777e-08
1.202776906511029,8.881497006698255e-05,2.903043472279876e-08
1.2027769353906377,8.881497005858887e-05,2.8879608704457382e-08
1.2027769641202877,8.881497005028183e-05,2.8729649992342843e-08
1.202776992700521,8.881497004206042e-05,2.8580233291108925e-08
1.2027770211322864,8.881497003392396e-05,2.8431765386471852e-08
1.2027770494163021,8.881497002587136e-05,2.8284015796131712e-08
1.2027770775534357,8.881497001790184e-05,2.813713351201841e-08
1.202777105544229,8.881497001001471e-05,2.7990793238785727e-08
1.2027771333896984,8.881497000220897e-05,2.7845469485754393e-08
1.20277716109082,8.88149699944833e-05,2.7701121618761704e-08
1.2027771886474716,8.881496998683768e-05,2.7556651627236306e-08
1.202777216061266,8.881496997927073e-05,2.741379434567648e-08
1.2027772433323387,8.881496997178215e-05,2.727107273337026e-08
1.2027772704618283,8.881496996437059e-05,2.7129489543753493e-08
1.202777297450263,8.881496995703585e-05,2.6988434820296447e-08
1.2027773242986732,8.881496994977644e-05,2.684841016176165e-08
1.2027773510076007,8.881496994259169e-05,2.6708927514107472e-08
1.2027773775776962,8.88149699354814e-05,2.6570095457145726e-08
1.2027774040096642,8.881496992844433e-05,2.6431967947715407e-08
1.2027774303043044,8.881496992148001e-05,2.6294640242952028e-08
1.2027774564625113,8.88149699145873e-05,2.6158206933857286e-08
1.2027774824845832,8.881496990776572e-05,2.602207183066696e-08
1.2027775083714822,8.88149699010145e-05,2.5886899068794378e-08
1.202777534123886,8.8814969894333e-05,2.5752403765011422e-08
1.2027775597422958,8.881496988772061e-05,2.5618409837946388e-08
1.202777585228162,8.881496988117575e-05,2.5485866084196118e-08
1.2027776105811454,8.881496987469894e-05,2.5352983490378733e-08
1.2027776358026152,8.881496986828873e-05,2.522146980155071e-08
1.202777660893127,8.88149698619446e-05,2.5090511890368816e-08
1.2027776858533314,8.881496985566574e-05,2.4960204347834747e-08
1.2027777106836754,8.881496984945192e-05,2.4830344003134996e-08
1.2027777353849722,8.881496984330204e-05,2.470129678577848e-08
1.2027777599579808,8.881496983721567e-05,2.45730085168816e-08
1.2027777844035006,8.881496983119183e-05,2.4445519830607054e-08
1.2027778087217758,8.881496982523029e-05,2.431827517135332e-08
1.2027778329137957,8.881496981933026e-05,2.4192019942859133e-08
1.2027778569803056,8.881496981349063e-05,2.4066509896059074e-08
1.202777880921414,8.88149698077117e-05,2.3941108429070823e-08
1.2027779047383,8.881496980199196e-05,2.3816886018934724e-08
1.2027779284314515,8.881496979633131e-05,2.3693151440795646e-08
1.2027779520012885,8.881496979072928e-05,2.3569836971049085e-08
1.2027779754487324,8.88149697851848e-05,2.3447443986412964e-08
1.2027779987744207,8.881496977969751e-05,2.3325688269792977e-08
1.2027780219789492,8.881496977426681e-05,2.320452852089261e-08
1.2027780450630094,8.881496976889195e-05,2.3084060218891977e-08
1.2027780680272788,8.881496976357227e-05,2.2964269374980972e-08
1.202778090872042,8.88149697583078e-05,2.284476319225348e-08
1.2027781135980038,8.881496975309756e-05,2.2725961779102022e-08
1.2027781362059367,8.881496974794084e-05,2.2607932859131097e-08
1.202778158696342,8.881496974283747e-05,2.2490405315878093e-08
1.2027781810700329,8.88149697377864e-05,2.2373690899968324e-08
1.2027782033274295,8.881496973278755e-05,2.2257396592451073e-08
1.2027782254689385,8.881496972784039e-05,2.2141509070650045e-08
1.2027782474957254,8.881496972294389e-05,2.2026786838935664e-08
1.2027782694078308,8.881496971809805e-05,2.1912105463428588e-08
1.202778291206122,8.881496971330214e-05,2.1798291172103745e-08
1.2027783128911549,8.881496970855555e-05,2.1685032880469635e-08
1.2027783344634306,8.881496970385795e-05,2.157227574350884e-08
1.2027783559238845,8.881496969920863e-05,2.146045385842399e-08
1.2027783772726655,8.881496969460735e-05,2.1348780965269043e-08
1.2027783985105869,8.881496969005336e-05,2.1237921421501937e-08
1.2027784196379196,8.88149696855464e-05,2.112733277215284e-08
1.2027784406555175,8.881496968108572e-05,2.101759788430968e-08
1.2027784615639228,8.88149696766713e-05,2.0908405229391747e-08
1.2027784823637315,8.881496967230212e-05,2.0799808764238037e-08
1.202778503055635,8.881496966797799e-05,2.069190352393946e-08
1.2027785236400672,8.88149696636982e-05,2.0584432158798904e-08
1.2027785441172851,8.881496965946292e-05,2.0477217921310853e-08
1.2027785644883597,8.881496965527081e-05,2.0371074604952355e-08
1.2027785847533723,8.88149696511222e-05,2.026501255691926e-08
1.2027786049133526,8.881496964701614e-05,2.0159980351763807e-08
1.2027786249685721,8.881496964295245e-05,2.0055219485115572e-08
1.2027786449196132,8.881496963893045e-05,1.9951041041466056e-08
1.2027786647669638,8.88149696349499e-05,1.9847350651858164e-08
1.2027786845112205,8.881496963101046e-05,1.9744256674059102e-08
1.2027787041529794,8.881496962711144e-05,1.9641758886024263e-08
1.202778723692254,8.88149696232528e-05,1.9539274642710325e-08
1.2027787431303727,8.881496961943376e-05,1.9438118670223048e-08
1.2027787624674031,8.881496961565406e-05,1.9337030421340273e-08
1.2027787817039821,8.881496961191335e-05,1.9236578996384424e-08
1.2027788008406926,8.88149696082108e-05,1.9136710438516502e-08
1.2027788198776563,8.881496960454671e-05,1.9036963783136684e-08
1.2027788388158764,8.881496960092034e-05,1.8938220103237313e-08
1.202778857655922,8.881496959733125e-05,1.8840045523660365e-08
1.2027788763980234,8.881496959377892e-05,1.874210142638333e-08
1.2027788950425466,8.881496959026351e-05,1.864452325861521e-08
1.2027789135903184,8.881496958678396e-05,1.8547771762911225e-08
1.2027789320418267,8.881496958334027e-05,1.8451508321248866e-08
1.2027789503973831,8.881496957993214e-05,1.8355556408167217e-08
1.202778968657462,8.88149695765592e-05,1.826007878236169e-08
1.2027789868228356,8.881496957322053e-05,1.8165373649736694e-08
1.2027790048933822,8.881496956991659e-05,1.8070546614623595e-08
1.2027790228703623,8.881496956664664e-05,1.7976980126732656e-08
1.202779040753857,8.881496956341025e-05,1.7883494685122514e-08
1.2027790585445304,8.881496956020719e-05,1.7790673378925703e-08
1.2027790762426942,8.881496955703705e-05,1.7698163823354207e-08
1.2027790938489042,8.881496955389966e-05,1.760621004542884e-08
1.202779111363716,8.881496955079446e-05,1.7514811823104992e-08
1.2027791287874277,8.88149695477213e-05,1.7423711584640955e-08
1.2027791461207034,8.88149695446795e-05,1.7333275703634854e-08
1.202779163363814,8.881496954166919e-05,1.724311071704676e-08
1.202779180517207,8.881496953868993e-05,1.7153392928292988e-08
1.2027791975816682,8.881496953574117e-05,1.706446117744065e-08
1.2027792145574825,8.881496953282287e-05,1.6975814309816428e-08
1.2027792314450698,8.881496952993452e-05,1.688758732854012e-08
1.2027792482450805,8.881496952707582e-05,1.680001071591164e-08
1.202779264957813,8.881496952424639e-05,1.6712732531232177e-08
1.2027792815834435,8.88149695214463e-05,1.662563042792442e-08
1.2027792981227579,8.881496951867499e-05,1.6539314362518098e-08
1.202779314576122,8.881496951593208e-05,1.6453364226620693e-08
1.2027793309441055,8.88149695132172e-05,1.6367983413090315e-08
1.2027793472267485,8.88149695105308e-05,1.6282643011678033e-08
1.2027793634249593,8.881496950787159e-05,1.6198210772699895e-08
1.202779379539036,8.881496950523994e-05,1.611407673962617e-08
1.2027793955694395,8.88149695026352e-05,1.6030403449107666e-08
1.2027794115166033,8.88149695000571e-05,1.594716381170258e-08
1.2027794273808663,8.881496949750582e-05,1.586426301436461e-08
1.202779443162974,8.881496949498052e-05,1.5782107620765373e-08
1.2027794588628855,8.88149694924813e-05,1.5699911593003435e-08
1.2027794744811025,8.881496949000791e-05,1.5618216941959417e-08
1.2027794900183837,8.88149694875596e-05,1.5537281239375034e-08
1.2027795054746344,8.881496948513678e-05,1.5456250723744347e-08
1.202779520850898,8.881496948273868e-05,1.5376263595712203e-08
1.2027795361471476,8.881496948036526e-05,1.5296249600282863e-08
1.2027795513640471,8.881496947801617e-05,1.521689951822225e-08
1.2027795665015695,8.881496947569142e-05,1.5137522346719834e-08
1.2027795815605413,8.881496947339018e-05,1.5058971847281555e-08
1.202779596540922,8.881496947111316e-05,1.4980380713680574e-08
1.2027796114439993,8.881496946885927e-05,1.4903077216743554e-08
1.202779626269488,8.881496946662836e-05,1.4825488836578415e-08
1.2027796410179716,8.881496946442071e-05,1.474848354554581e-08
1.202779655689802,8.881496946223555e-05,1.4671830417256615e-08
1.2027796702855484,8.881496946007277e-05,1.4595746389289843e-08
1.2027796848053736,8.88149694579323e-05,1.4519825120018481e-08
1.2027796992497926,8.88149694558137e-05,1.4444418994230546e-08
1.2027797136188865,8.881496945371722e-05,1.4369093914723408e-08
1.2027797279136314,8.881496945164191e-05,1.429474494329952e-08
1.2027797421338509,8.881496944958801e-05,1.4220219446414717e-08
1.2027797562805616,8.881496944755514e-05,1.4146710691775866e-08
1.2027797703533567,8.88149694455434e-05,1.4072795151420792e-08
1.2027797843533747,8.88149694435521e-05,1.4000018033755168e-08
1.2027797982805073,8.881496944158126e-05,1.3927132558322342e-08
1.2027798121351203,8.881496943963068e-05,1.3854613012398431e-08
1.2027798259177422,8.881496943770022e-05,1.3782621932634243e-08
1.202779839628807,8.881496943578961e-05,1.3711064728028077e-08
1.202779853268748,8.881496943389841e-05,1.3639940954490726e-08
1.2027798668376601,8.881496943202694e-05,1.3568912216044282e-08
1.202779880336221,8.88149694301746e-05,1.3498560935687465e-08
1.2027798937647018,8.881496942834108e-05,1.3428480771793261e-08
1.2027799071233871,8.881496942652649e-05,1.335868526908257e-08
1.202779920412548,8.88149694247304e-05,1.3289160882834494e-08
1.20277993363274,8.88149694229529e-05,1.322019205218794e-08
1.2027799467842208,8.881496942119361e-05,1.3151480793283099e-08
1.2027799598672884,8.881496941945231e-05,1.3083067518238067e-08
1.2027799728824307,8.881496941772899e-05,1.3015142297234661e-08
1.2027799858300001,8.881496941602333e-05,1.294756946101927e-08
1.202779998710227,8.881496941433522e-05,1.2880226885059187e-08
1.202780011523423,8.881496941266447e-05,1.2813196059724419e-08
1.2027800242704016,8.881496941101055e-05,1.274697858377749e-08
1.2027800369509727,8.881496940937398e-05,1.2680571037648747e-08
1.2027800495657734,8.88149694077538e-05,1.2614800759536138e-08
1.202780062114709,8.881496940615059e-05,1.254893544633262e-08
1.202780074598538,8.88149694045639e-05,1.2483829081588738e-08
1.2027800870177892,8.881496940299319e-05,1.2419251183004576e-08
1.2027800993723001,8.881496940143875e-05,1.2354510969814214e-08
1.2027801116627617,8.88149693999e-05,1.2290461537389774e-08
1.2027801238890656,8.881496939837748e-05,1.2226303969242736e-08
1.2027801360519845,8.881496939687029e-05,1.2162918894276231e-08
1.2027801481517757,8.881496939537871e-05,1.2099791169006835e-08
1.2027801601888863,8.88149693939023e-05,1.2037110641571758e-08
1.2027801721635198,8.881496939244087e-05,1.1974633506994792e-08
1.2027801840755679,8.881496939099469e-05,1.1912048014650622e-08
1.2027801959258433,8.881496938956327e-05,1.1850275427605084e-08
1.2027802077143734,8.881496938814654e-05,1.178853015204595e-08
1.2027802194418766,8.881496938674435e-05,1.172750319078375e-08
1.2027802311084341,8.88149693853564e-05,1.1666557497846952e-08
1.202780242714222,8.881496938398291e-05,1.160578788628186e-08
1.2027802542597283,8.881496938262351e-05,1.1545506328758393e-08
1.2027802657454003,8.881496938127765e-05,1.1485671969069244e-08
1.2027802771713056,8.881496937994577e-05,1.1425905332984598e-08
1.2027802885378915,8.881496937862785e-05,1.1366585894734271e-08
1.2027802998456323,8.881496937732289e-05,1.1307740743760064e-08
1.2027803110942434,8.881496937603182e-05,1.1248611153646948e-08
1.2027803222847142,8.881496937475369e-05,1.1190470772248773e-08
1.2027803334168279,8.88149693734888e-05,1.1132113675316191e-08
1.2027803444910856,8.881496937223695e-05,1.1074257733056925e-08
1.2027803555080299,8.881496937099756e-05,1.101694424576749e-08
1.202780366467525,8.881496936977127e-05,1.0959495089224447e-08
1.2027803773701942,8.881496936855723e-05,1.0902669211887428e-08
1.202780388216119,8.881496936735567e-05,1.0845924824920417e-08
1.202780399005489,8.881496936616672e-05,1.0789370064046011e-08
1.2027804097392125,8.88149693649897e-05,1.0733723465605749e-08
1.2027804204170454,8.881496936382483e-05,1.0677832840144674e-08
1.202780431039191,8.881496936267176e-05,1.0622145607541711e-08
1.2027804416060963,8.881496936153074e-05,1.0566905350728462e-08
1.202780452118331,8.881496936040106e-05,1.0512234638326845e-08
1.2027804625760572,8.881496935928316e-05,1.0457726240531429e-08
1.2027804729793565,8.881496935817655e-05,1.040329933310602e-08
1.2027804833285678,8.881496935708126e-05,1.0349211265747726e-08
1.2027804936239213,8.881496935599754e-05,1.029535345864474e-08
1.202780503865864,8.88149693549246e-05,1.0241942849376073e-08
1.202780514054505,8.881496935386285e-05,1.0188640819919215e-08
1.2027805241904534,8.88149693528117e-05,1.013594852494748e-08
1.2027805342734794,8.88149693517714e-05,1.0083025969720438e-08
1.2027805443041113,8.881496935074184e-05,1.0030631880653118e-08
1.2027805542825254,8.8814969349723e-05,9.978414095002108e-09
